name,transcription,meaning,gender,language
Abah,-,unknown,-,igbo
Abana,-,unknown,-,igbo
Abanihe,-,unknown,-,igbo
Abanime,-,unknown,-,igbo
Abuchi,/Abụ́ghị́-chí/,Not God,m,igbo
Abumnkechukwu,/Ábụ-m-nké-chúkwú/,I am God's own,m/f,igbo
Achebe,/Achebe/,unknown,m,igbo
Achigbu,/Achígbú/,Do not misrule,m,igbo
Achinanya,-,unknown,-,igbo
Achufusi,/Achụ́fùsì/,Do not drive away.,m,igbo
Achugbu,-,unknown,-,igbo
Achuzia,-,unknown,-,igbo
Ada,/Àdà/,The first female child of the family,f,igbo
Adaeze,/Àdà-ézè/,The first daughter of a king,f,igbo
Adaku,/Àdà-àkụ̀/,Female child who will bring wealth,f,igbo
Adamma,/Àdà-mmà/,A beautiful daughter,f,igbo
Adaobi,/Àdà-òbí/,The first female child born of the,f,igbo
Adaugo,/Àdà-ùgò/,A first daughter who brings honor/who is the mark of excellence,f,igbo
Adichie,/Á-dị́-chìé/,We shall live and have descendants succeed us,m,igbo
Adiele,-,unknown,-,igbo
Adigwe,/Á-dị-ìgwè/,We shall have a multitude (of descendants),m,igbo
Adike,/Á-dị-íké/,We shall be powerful.,m,igbo
Adimora,/Á-dị̀-m-ọ̀rà/,I am pleasing to the people,m,igbo
Adindu,/Á-dị́-ndụ̀/,We shall live.,m,igbo
Adinlofu,/Ádịghị́-nlófù/,Unforgettable,m,igbo
Adinnuh,-,unknown,-,igbo
Adinuba,/Ádị̀-nà-ụ̀bá/,We shall be in abundance.,m,igbo
Adirika,/Á-dị́rị́-ká/,[We] shall live a long fruitful life.,m,igbo
Adogwa,/A-dị-ọgwa/,To be in varieties,f,igbo
Adokwe,-,unknown,-,igbo
Adunchezor,/Adụ-nchezọ/,Unforgettable.,m,igbo
Adunkachi,/Adụ-nkachi/,One who can't be dismissed or ignored,f,igbo
Afa,/Áfá/,Divination,m,igbo
Afamefuna,/Áfà-m-éfùnà/,May my name never be lost.,m,igbo
Afanna,/Áfà-nnà/,The father's name,m,igbo
Afoemezie,/Àfọ̀-èmézié/,has remedied (a situation),m,igbo
Afor,/Àfọ̀/,unknown,One of the four days of the Igbo week,igbo
Afudoh,-,unknown,-,igbo
Afuluchi,/À-fụ̀lụ̀-chí/,Who has seen god?!,m/f,igbo
Afunugo,/Àfụ́nụ̀gó/,Has anyone ever seen such thing,m/f,igbo
Afunwa,/Áfụ́-Nwá/,Afu-nwa-echeta-nna,m,igbo
Afuzuo,/Afụ́-zuo/,We have seen in fullness,m,igbo
Agbala,/Ágbàlà/,1. *An entity associated with,m,igbo
Agbalanze,/Ágbàlà-nzè/,An Oracle of the,m,igbo
Agbapuluonwu,/Á-gbápụ̀lụ̀-ọ́nwụ́/,Surname,m,igbo
Agbara,/Ágbàrà/,unknown,m,igbo
Agbarakwe,/Ágbàrà-kwé/,May,m,igbo
Agbomma,/Àgbọ̀-mmá/,A beautiful girl child.,f,igbo
Aghadinuno,/Ághá-dị́-na-ụ́nọ̀/,There is war in the home,m,igbo
Aghaelina,/Ághá-élìná/,May the war or battle not consume (us),m,igbo
Aghanya,/Ághá-ányá/,A war of eyes,m,igbo
Agozie,/Àgọ́zie/,To have blessed,m/f,igbo
Agu,/Àgụ̀/,Leopard,m,igbo
Agubata,/Àgụ̀-bàtá/,When the leopard enters,m,igbo
Aguchukwu,/Ágụ̀-Chúkwú/,Chukwu,m,igbo
Aguigom,/A-gụ́nyé-gó-m/,unknown,Have I been counted/considered?,igbo
Aguinam,/Agụ-nye-na-m/,Have I been counted/considered?,m,igbo
Aguiyi,/Agụ-iyi/,Crocodile,m,igbo
Aguluefo,/Agụlụ-efo/,To recall periodically.,m,igbo
Agumadu,/Agụ-mmadụ/,Desire for more people,m,igbo
Agumba,/Agụ-mba/,The nation's leopard,m,igbo
Aguolu,-,unknown,-,igbo
Agupugo,/Agụpụgo/,One has been counted out,m,igbo
Agwu,/Agwụ/,The god of confusion or madness; the executioner or punisher of the gods. Also the god of divination,m,igbo
Agwuegbo,/Agwụ-egboo/,has supplied my needs,m,igbo
Agwuncha,-,unknown,-,igbo
Ahamefula,/Aha-m-efula/,May my name never be lost,m,igbo
Ahanna,/Aha-nna/,The father's name,m,igbo
Ahumareze,-,unknown,-,igbo
Aja,/Àjà/,Sacrifice,m,igbo
Ajaegbu,-,unknown,-,igbo
Ajaero,-,unknown,-,igbo
Ajana,/Ajana/,The goddess of the earth.,m,igbo
Ajonuma,/Ajọ-ọnụma/,A terrible wrath,m,igbo
Ajulu,/Ajụlụ/,Did one inquire,m,igbo
Ajuluchi,/Ajụlụ-chi/,unknown,m,igbo
Ajuluchukwu,/Ajụlụ-chukwu/,Did one inquire of or interrogate God?,m,igbo
Ajuzieogu,/Ajụzie-ọgụ/,We now reject war,m,igbo
Akabogu,/Aka-bụ-ọgụ/,The hand that signals war or The hand of war,m,igbo
Akachukwu,/Aka-chukwu/,God's hands,m,igbo
Akame,/Aka-mee/,Let (my) hands make it work,m,igbo
Akamelu,/Aka-melụ/,A thing wrought by (my) hands,m,igbo
Akamere,/Aka-mere/,A thing wrought by (my) hands.,m,igbo
Akamnonu,/Aka-m-na-ọnụ/,unknown,I prevail with words,igbo
Akaogu,/Aka-ọgụ/,Hand of Battle,m,igbo
Akaolisa,/Aka-olisa/,The Hand of,m,igbo
Akata,-,unknown,-,igbo
Ako,/Àkọ́/,Wisdom,m,igbo
Akobundu,/Akọ-bụ-ndụ/,Wisdom gives life.,m,igbo
Akonam,/Akọna-m/,unknown,f,igbo
Akondu,/Akọ-ndụ/,Life's wisdom,m,igbo
Akorah,/Akọ-ọra/,The wisdom of the people,m,igbo
Akowundu,/Akọ-wụ-ndụ/,unknown,m,igbo
Akpatuligwe,/Akpatụlụ-igwe/,To touch the sky.,m,igbo
Akpumezue,/Akpụ-m-ezue/,My cassava is complete.,m,igbo
Akpuoye,/Akpụ-oye/,Cassava that was harvested on Oye day,m/f,igbo
Aku,/Àkụ̀/,Wealth,m/f,igbo
Akuabata,/Àkụ̀-ábà-tà/,Wealth has come,m/f,igbo
Akuanyionwu,/Àkụ̀-ányị̀rọ́-ọ́nwụ́/,Wealth can't subdue death,m,igbo
Akubike,/Akụ-bụ-ike/,Wealth is strength,m,igbo
Akubuilo,/Akụ-bụ-ilo/,Wealth invites enmity/resentment,m,igbo
Akuezue,/Akụ-ezue/,Wealth has become complete,m/f,igbo
Akugo,/Àkụ̀-ùgò/,Wealth that gives honour,f,igbo
Akujieze,/Akụ-jị-eze/,Wealth makes the king/noble,m,igbo
Akuluo,/Akụ-luo/,unknown,m,igbo
Akuluouno,/Akụ-luo-ụnọ/,Let the wealth reach home,m,igbo
Akunna,/Akụ-Nna/,The Father's wealth,f,igbo
Akunne,/Akụ-Nne/,The Mother's wealth,f,igbo
Akunyili,/Akụ-nyịlị/,Wealth subdued,m,igbo
Akuozo,/Akụ-ọzọ/,Wealth of the,m,igbo
Akwaeke,/Akwa-eke/,The python's egg,f,igbo
Akwaobi,/Akwa-obi/,unknown,Grief,igbo
Akwaugo,/Akwa-ugo/,unknown,An eagle's egg,igbo
Ala,/Àlà/,The earth goddess,m,igbo
Alaedu,/Ala-edu/,leads the way,m,igbo
Alaefuna,/Ala-efuna/,May one's land not be lost.,m,igbo
Alaezi,/Ala-ezi/,has revealed (itself),m,igbo
Alajemba,-,unknown,-,igbo
Alamoke,/Ala-ama-oke/,unknown,m,igbo
Alaribe,-,unknown,-,igbo
Ali,/Alị/,The earth goddess.,m,igbo
Alobele,-,unknown,-,igbo
Alochebe,/Alọ-chebe/,May,m,igbo
Alor,/Alọ/,Hunting/fighting spear,A god/deity ,igbo
Amachiri,/Ama-chiri/,The,m,igbo
Amadi,/Amadi/,A man,m,igbo
Amadioha,/Amadi-ọha/,The god of lightning and Thunder,m,igbo
Amaechi,/Ama-echi/,Does one know what tomorrow may bring?,m,igbo
Amaechina,/Ama-echina/,May the,m,igbo
Amaefule,/Ama-efule/,May the,m,igbo
Amaefuna,/Ama-efuna/,unknown,May the ,igbo
Amah,/Ama/,A communal piece of land/space for gathering,m,igbo
Amaka,/Amaka/,So beautiful,f,igbo
Amaku,/Ama-akụ/,The,m,igbo
Amanie,-,unknown,-,igbo
Amanke,-,unknown,-,igbo
Amanze,/Ama-nze/,The,m,igbo
Amara,/Amara/,Grace,f,igbo
Amarachi,/Amara-chi/,Grace of God,f,igbo
Amarachukwu,/Amara-chukwu/,Grace of God.,f,igbo
Amauche,/Àmà-úchè/,unknown,m,igbo
Amobi,/Ama-obi/,Does one know the (human) heart?,m,igbo
Amulumma,/Amụlụ-mma/,We gave birth to beauty,f,igbo
Amulunamma,/Amụlụ-na-mma/,Born under good circumstance,m,igbo
Amuzie,/Amuzie/,To birth properly,m,igbo
Ana,/Ana/,The earth goddess,m,igbo
Anadebe,/Ana-debe/,unknown,May ,igbo
Anadi,/Ana-dị/,deity exists/is,m,igbo
Anadimma,/Ana-dị-mma/,deity is good,m,igbo
Anaduka,/Ana-adụka/,deity is so good,m/f,igbo
Anadumaka,/Ana-dum-aka/,be my helping hand,m,igbo
Anaebonam,/Ana-ebona-m/,May,m,igbo
Anaedu,/Ana-edu/,leads,m,igbo
Anaekeokwu,/Ana-ekee-okwu/,has settled a dispute.,m,igbo
Anaekwe,/Ana-ekwe/,has agreed/permitted/approved,m,igbo
Anaenye,/Ana-enye/,deity has given,m/f,igbo
Anagbado,-,unknown,-,igbo
Anagbogu,/Ana-gboo-ọgụ/,May,m,igbo
Anagor,/Ana-agọ/,unknown,m,igbo
Anagorom,/Ana-agọrọ-m/,unknown, defends me or absolves me of wrongdoing in a case,igbo
Anajama,/Ana-ja-ama/,will know.,m,igbo
Anajemba,-,unknown,-,igbo
Anakweze,/Ana-kwe-eze/,May,m,igbo
Anakwue,/Ana-kwue/,Let,m,igbo
Analokwu,-,unknown,-,igbo
Anamulu,/Ana-mụlụ/,birthed,m,igbo
Anara,/Ana-ra/,May,m,igbo
Anaso,/Ana-so/,is with me.,m,igbo
Anatasiaku,/Anatasia-akụ/,We have received all of our wealth.,m,igbo
Anayo,/Anayọ/,To offer supplications,m,igbo
Anazodo,-,unknown,-,igbo
Aneke,-,unknown,-,igbo
Anene,/Ana-ene/,unknown,m,igbo
Anenechukwu,/Ana-ene-chukwu/,We focus on,m,igbo
Ani,/Anị/,The earth goddess,m,igbo
Aniagor,/Anị-agọ/,unknown,m,igbo
Aniagorom,/Anị-agọrọ-m/,unknown,deity defends me or absolves me of wrongdoing in a case,igbo
Aniama,-,unknown,-,igbo
Aniche,/Aniche/,deity protects.,m,igbo
Anichebe,/Anị-chebe/,May,m,igbo
Anidebe,/Anị-debe/,unknown,May ,igbo
Aniebo,/Anị-ebo/,unknown,m,igbo
Aniebonam,/Anị-ebona-m/,May,m,igbo
Aniedube,/Ani-e-dube/,has taken the lead,m,igbo
Aniegboka,/Anị-egboka/,made timely provision,m,igbo
Anieke,-,unknown,-,igbo
Aniekwe,/Anị-ekwe/,has agreed/permited/approved,m,igbo
Aniekwena,/Anị-ekwena/,May,m,igbo
Anielo,/Anị-elo/,counseled,m,igbo
Anienye,/Anị-enye/,has given,m/f,igbo
Aniesodo,-,unknown,-,igbo
Anikwenwa,/Anị-kwe-nwa/,May,m,igbo
Animalu,/Anị-malụ/,That,m,igbo
Anisiuba,-,unknown,-,igbo
Aniukwu,/Ani-ukwu/,The great,m,igbo
Anizoba,/Anị-zọba/,May,m/f,igbo
Anochili,/A-nọ-chili/,To supplant; Someone has been supplanted,m,igbo
Anoliefo,/Anọlị-efo/,To recall periodically,m,igbo
Anosike,/A-nọ-sie-ike/,To stay confidently or boldly,m,igbo
Anozie,/Anọzie/,To find one's footing or become better positioned,m,igbo
Anua,-,unknown,-,igbo
Anueyiagu,/Anu-eyi-agu/,There is no beast like the leopard,m,igbo
Anuforo,-,unknown,-,igbo
Anuli,/Aṅulị/,Joy,f,igbo
Anulika,/Aṅulị-ka/,Joy is far more important.,f,igbo
Anumba,-,unknown,-,igbo
Anunwa,-,unknown,-,igbo
Anuri,/Aṅụri/,Joy,f,igbo
Anwuna,/Anwuna/,Never die,m/f,igbo
Anyadike,/Anya-dike/,Eyes of the warrior.,m,igbo
Anyaegbu,/Anya-egbu/,One who can't die by or be cowered by malicious gaze.,m,igbo
Anyaegbunam,/Anya-egbuna-m/,May (malevolent) gaze not bring about my death or cause me to cower,m,igbo
Anyaeze,/Anya-eze/,The eyes of the king,m,igbo
Anyakora,-,unknown,-,igbo
Anyalebechi,/Anya-lebe-chi/,Let all eyes be on our,m,igbo
Anyansi,-,unknown,-,igbo
Anyanwu,/Anya-anwụ/,The Sun,m/f,igbo
Anyaoku,/Anya-ọkụ/,Envy,m,igbo
Arachie,/Arachie/,To have chosen a portion ahead of another. To supplant,m,igbo
Aralu,/Aralụ/,We can only have a discussion when you attain our heights,m,igbo
Arinze,/Arịnze/,Thanks to,m,igbo
Arinzechukwu,/Arinze-chukwu/,unknown,Thanks to God,igbo
Aronu,-,unknown,-,igbo
Arukaakwa,/Arụ-ka-akwa/,Body/skin better than clothes,f,igbo
Arumma,/Arụ-mma/,Beautiful body,f,igbo
Ashibuogwu,/Ashi-bụ-ọgwụ/,Hostility is voodoo.,m,igbo
Asiegbu,/Asị-egbu/,One who cant be killed by or who refuses to be cowered by (other's) hostility.,m,igbo
Asiegbunam,/Asị-egbune-m/,May hostility not kill me (or cause me to cower),m,igbo
Asika,/Asi-ka/,Hostility abound.,m,igbo
Asoluka,-,unknown,-,igbo
Asomugha,/Asọ-m-ụgha/,I detest deceit,m,igbo
Atamuo,/Atalụ-mmụọ/,Do we blame the spirit being?,m,igbo
Atile,-,unknown,-,igbo
Atuanya,/Atụ-anya/,Something unexpected,m/f,igbo
Atuegwu,/Atụ-egwu/,To be fearless; One who is fearless.,m,igbo
Awugosi,-,unknown,-,igbo
Ayika,/Ayịka/,"If we band together, we become greater",m,igbo
Azikiwe,-,unknown,-,igbo
Azokam,/Azọka-m/,unknown,f,igbo
Azubuike,/Azụ-bụ-ike/,The past or history or experience is a source of strength,m,igbo
Azubundu,/Azụ-bụ-ndụ/,The past/history/experience molds our lives,m,igbo
Azuka,/Azụ-ka/,"The past, or history or experience is paramount",m,igbo
Belonwu,/Belu-ọnwụ/,Were it not for death.,m,igbo
Beluchi,/Belụ-chi/,Were it not for God.,m,igbo
Beluolisa,/Belụ-Olisa/,Were it not for,m,igbo
Birinachi,/Biri-na-Chi/,unknown,Dwell in God.,igbo
Chekwube,/Chekwube/,Hope in.,m/f,igbo
Cheluchi,/Chelu-chi/,Wait upon God,f,igbo
Cherechi,/Chere-chi/,Wait upon God,Wait upon God,igbo
Cheta,/Cheta/,Remember.,m/f,igbo
Chetachukwu,/Cheta-chukwu/,Remember God,m/f,igbo
Chetanna,/Chet-nna/,Remember the father,m,igbo
Chi,/Chi/,The personal spirit believed by the Igbos to direct the fates of individuals.,m/f,igbo
Chiadikobi,/Chi-adika-obi/,God has been so good to (my heart),m,igbo
Chiaghana,/Chi-aghana/,May God not leave (me) behind,m,igbo
Chiagozie,/Chi-agozie/,God has blessed (me),m/f,igbo
Chiamaka,/Chi-amaka/,God is so beautiful,f,igbo
Chiamanda,/Chi-aman-da/,God will never fail,f,igbo
Chianumuya,/Chi-anụ-m-ụya/,God has heard my grief,m/f,igbo
Chiazo,/Chi-azọ/,unknown,f,igbo
Chiazokam,/Chi-azọka-m/,unknown,God really saved me,igbo
Chibudom,/Chi-bụ-udo-m/,God is my peace,m/f,igbo
Chibueze,/Chi-bụ-eze/,God is King.,m,igbo
Chibuife,/Chi-bụ-ịfe/,God is light,m/f,igbo
Chibuifem,/Chi-bụ-ịfem/,God is my light,m/f,igbo
Chibuihe,/Chi-bụ-ihe/,God is light,m,igbo
Chibuike,/Chi-bụ-ike/,God is (my) strength,m,igbo
Chibundom,/Chi-bu-ndo-m/,God is my shade/canopy.,m/f,igbo
Chibundu,/Chi-bụ-ndụ/,God is life,m/f,igbo
Chibuzor,/Chi-bụ-ụzọ/,God leads the way,m/f,igbo
Chichetam,/Chi-cheta-m/,God remember me,m/f,igbo
Chidalu,/Chi-daalụ/,"God, thanks for what you have done",f,igbo
Chidebe,/Chi-debe/,May God keep/preserve,m,igbo
Chidebelu,/Chi-debelu/,God kept or preserved (me),m,igbo
Chidebem,/Chi-debe-m/,May God keep me.,m,igbo
Chidera,/Chi-deraa/,Once God has written,m/f,igbo
Chideziri,/Chi-deziri/,God rewrote for good,m/f,igbo
Chidi,/Chi-dị/,unknown,m,igbo
Chidiadi,/Chi-dị-adị/,God certainly is.,m,igbo
Chidiebele,/Chi-dị-ebele/,God is merciful,m/f,igbo
Chidiebere,/Chi-dị-ebere/,God is merciful,m/f,igbo
Chidiebube,/Chi-dị-ebube/,unknown,God is glorious,igbo
Chidimma,/Chi-di-mma/,God is good,f,igbo
Chidiogo,/Chi-di-ọgọ/,God favours,f,igbo
Chidire,/Chi-di-ire/,God is omnipotent,m/f,igbo
Chidolue,/Chi-do-lue/,May God keep me till the end.,m,igbo
Chidozie,/Chi-dozie/,May God mend/repair (something),m,igbo
Chidubem,/Chi-dube-m/,May God lead me,m,igbo
Chidumeje,/Chi-du-m-eje/,God is leading me in his journey,m,igbo
Chiedego,/Chi-edego/,God has written it,m,igbo
Chiedozie,/Chi-edozie/,God has repaired/mend a situation,m/f,igbo
Chiegboka,/Chi-egboka/,God made timely provision,m,igbo
Chieka,-,unknown,-,igbo
Chiekezie,/Chi-ekezie/,God has apportioned fairly or,m,igbo
Chielotam,/Chi-elota-m/,God has remembered me,m/f,igbo
Chielozonam,/Chi-elozona-m/,May God never forget me,m/f,igbo
Chiemelie,/Chi-emelie/,God has won,m,igbo
Chiemezie,/Chi-emezie/,Chi has remedied (a situation),m,igbo
Chienyem,/Chi-enye-m/,God has given me,f,igbo
Chife,/Chi-ịfe/,God of light; God who brings light,m,igbo
Chigaemezu,/Chi-ga-emezu/,God will fulfill,m/f,igbo
Chigbata,/Chi-gbata/,May God run quickly.,m,igbo
Chigbo,/Chi-gboo/,unknown,m,igbo
Chigbogu,/Chi-gboo-ọgụ/,May God resolve (the) dispute,m,igbo
Chigbonkpa,/Chi-gboo-nkpa/,May God supply my needs,m,igbo
Chigozie,/Chi-gọzie/,God bless (my effort),m,igbo
Chigozirim,/Chi-goziri-m/,God has blessed me,m/f,igbo
Chijewelum,/Chi-jewe-lụ-m/,May God go for me,f,igbo
Chijiaku,/Chi-ji-akụ/,God holds wealth,m,igbo
Chijindu,/Chi-jị-ndụ/,God holds life,f,igbo
Chijioke,/Chi-ji-oke/,God it is who creates/apportions.,m,igbo
Chikadibia,/Chi-ka-dibia/,unknown,m,igbo
Chikaima,/Chi-ka-anyị-ma/,It is God we know.,m/f,igbo
Chikamjiaba,/Chi-ka-m-jị-aba/,"God, it is, by whom I prosper",m/f,igbo
Chikamnele,/Chi-ka-m-nele/,I look up to my God,m/f,igbo
Chikamso,/Chi-ka-m-so/,It is God that I follow.,m/f,igbo
Chikaodili,/Chi-ka-ọdịlị/,It is reserved or left for God (to intervene as he pleases),f,igbo
Chikaosolu,/Chi-ka-ọsọlụ/,It is God that it pleases (to grant me this blessing),m/f,igbo
Chikauche,/Chi-ka-uche/,God is greater than (human) thoughts/will.,m/f,igbo
Chike,/Chike/,God of power/strength.,m,igbo
Chikelu,/Chi-kelu/,God (that) created,m,igbo
Chikeluba,/Chi-kelu-uba/,God (who) created prosperity/abundance,m,igbo
Chikeluo,/Chi-keluo/,May God make his blessings reach me,m,igbo
Chikemma,/Chi-ke-mma/,God made beauty.,f,igbo
Chikezie,/Chi-kezie/,May God grant our fair portion,m,igbo
Chikodili,/Chi-ka-odịlị/,unknown,f,igbo
Chikwado,/Chi-kwado/,May God support me,m/f,igbo
Chikwe,/Chi-kwe/,May,m,igbo
Chikwelu,/Chi-kwelụ/,God is worthy/deserving,m,igbo
Chikwendu,/Chi-kwe-ndụ/,May God approve of life,m,igbo
Chikwu,/Chikwu/,unknown,m,igbo
Chilotam,/Chi-lota-m/,May God remember me,m/f,igbo
Chima,/Chi-ma/,God Knows,m,igbo
Chimamanda,/Chi-m-aman-da/,My God will never fail,f,igbo
Chimaobi,/Chi-ma-obi/,God Knows our hearts,m,igbo
Chimaroke,/Chi-mara-oke/,God who knows my portion,m,igbo
Chimdike,/Chim-dị-ike/,My God is powerful,m,igbo
Chimdire,/Chi-m-di-ịre/,My God is omnipotent,m/f,igbo
Chime,/Chi-me/,God who does/did,m,igbo
Chimelotagom,/Chi-m-elota-go-m/,My God has remembered me.,m,igbo
Chimeremeze,/Chi-mere-m-eze/,God made me king,m,igbo
Chimezie,/Chi-mezie/,Let,m/f,igbo
Chimhaziri,/Chi-m-ghaziri/,My God set everything in order,m/f,igbo
Chimkaririfa,/Chi-m-karịrị-ịfe'a/,My God is above this very situation.,m/f,igbo
Chimnoya,/Chi-m-nọ-ya/,My God is present,f,igbo
Chimpuruiche,/Chi-m-pụrụ-iche/,My God is unique,m/f,igbo
Chimuanya,/Chi-mu-anya/,God is awake,m/f,igbo
Chinagorom,/Chi-na-agọrọ-m/,God defends or absolves me of wrong doing in a case,m/f,igbo
Chinasa,/Chi-na-asa/,God replies,f,igbo
Chinasaramokwu,/Chi-na-asara-m-okwu/,God replies my accusers,f,igbo
Chinazor,/Chi-na-azọ/,God saves,f,igbo
Chinecherem,/Chi-na-echere-m/,God worries on my behalf,m/f,igbo
Chinedu,/Chi-na-edu/,God leads (me),m,igbo
Chineke,/Chi-na-eke/,unknown,Chi who creates or Chi the creator,igbo
Chinekwu,/Chi-na-ekwu/,God speaks (for me),m,igbo
Chinelo,/Chi-na-elo/,God plans (for me),f,igbo
Chinemelum,/Chi-na-emelu-m/,God does (good) things for me,m,igbo
Chinemerem,/Chi-na-emere-m/,God does (good) things for me,m,igbo
Chinemezu,/Chi-na-emezu/,God fulfills (all promises).,m,igbo
Chinenye,/Chi-na-enye/,God gives.,f,igbo
Chineze,/Chi-na-eze/,God protects﻿,m/f,igbo
Chinomso,/Chi-nọ-m-nso/,God is within my reach,m,igbo
Chinonso,/Chi-nọ-nso/,God is within reach,m,igbo
Chinonye,/Chi-nonye/,May God be by me.,f,igbo
Chinua,/Chinụa/,unknown,m,igbo
Chinualumogu,/Chi-nualu-m-ọgụ/,May my,m,igbo
Chinwe,/Chi-nwe/,God owns,f,igbo
Chinweike,/Chi-nwe-ike/,God is Powerful,m,igbo
Chinweikpe,/Chi-nwe-ikpe/,God will judge.,m,igbo
Chinwendu,/Chi-nwe-ndụ/,God owns life,f,igbo
Chinweoke,/Chi-nwe-oke/,It is God who creates/apportions.,f,igbo
Chinweokwu,/Chi-nwe-okwu/,,God will adjudicate on (the) case,igbo
Chinwike,/Chi-nwe-ike/,unknown,m,igbo
Chinwuba,/Chi-nwe-ụba/,God owns prosperity,m,igbo
Chinwuko,/Chi-nwe-uko/,God has all loftiness.,m,igbo
Chinyeaka,/Chi-nye-aka/,May God grant me help,f,igbo
Chinyelugo,/Chi-nyelụ-ugo/,God granted honour/excellence,m,igbo
Chiobi,/Chi-obi/,The god of the,m,igbo
Chioma,/Chi-ọma/,Good or favourable,f,igbo
Chisimdi,/Chí-sị̀-mụ́-dị̀/,God said I should be,m/f,igbo
Chisom,/Chi-so-m/,God is with me,f,igbo
Chito,/Chi-to/,May God uplift me.,m,igbo
Chiwetalu,/Chi-wetalụ/,One or a thing that has come from God.,God brough,igbo
Chizaram,/Chi-zara-m/,God answered me,m/f,igbo
Chizitara,/Chi-zitara/,God sent,f,igbo
Chizitelu,/Chi-zitelụ/,God Sent.,f,igbo
Chizitere,/Chi-zi-tere/,God sent,f,igbo
Chizoba,/Chi-zọba/,May God continue to save us,f,igbo
Chuba,/Chi-uba/,God of prosperity/abundance.,m,igbo
Chude,/Chi-ude/,The God of fame.,m,igbo
Chudi,/Chụdị/,unknown,m,igbo
Chuka,/Chu-ka/,unknown,m,igbo
Chukudebelu,,unknown,-,igbo
Chukwu,/Chi-Ukwu/,The Great,m,igbo
Chukwubuike,/Chukwu-bụ-ike/,God is (my) strength.,m,igbo
Chukwudalu,/Chukwu-daalụ/,"God, thanks for what you has done.",m,igbo
Chukwudebelu,/Chukwu-debelụ/,God kept or preserved (me),m,igbo
Chukwudi,/Chukwu-dị/,God is; God lives; God exists,m,igbo
Chukwuebuka,/Chukwu-ebuka/,God is great,m,igbo
Chukwuemeka,/Chukwu-emeka/,God did so well,m,igbo
Chukwuemerie,/Chukwu-emerie/,God has become victorious,m,igbo
Chukwueze,/Chukwu-eze/,God who is king.,m,igbo
Chukwuezugo,/Chukwu-ezugo/,God is sufficient,m,igbo
Chukwufumnanya,/Chukwu-fu-m-na-anya/,God loves me.,f,igbo
Chukwujekwu,/Chukwu-jee-ekwu/,God will speak (on my behalf).,m,igbo
Chukwuka,/Chukwu-ka/,God is preeminent,m,igbo
Chukwukadibia,/Chukwu-ka-dibia/,unknown,God is more powerful than the medicine man,igbo
Chukwuma,/Chukwu-ma/,God Knows,m,igbo
Chukwuneke,/Chukwu-na-eke/,God who is creating,m,igbo
Chukwunetam,/Chukwu-neta-m/,May God care for me,m,igbo
Chukwunweike,/Chukwu-nwe-ike/,God is all powerful,m,igbo
Chukwunwike,/Chukwu-nwe-ike/,unknown,m,igbo
Chukwuogo,/Chukwu-ọgọ/,God of Favour,m,igbo
Chukwurah,/Chukwu-ra/,May,m,igbo
Chuma,/Chu-ma/,God Knows,m,igbo
Daberechi,/Dabere-chi/,Lean on God,f,igbo
Dibia,/Dibia/,Diviner or medicine man,m,igbo
Dibor,/Di-ibọ/,A second husband,m,igbo
Diji,/Di-ji/,A master yam farmer,m,igbo
Dike,/Dike/,A warrior. A Man of great strength,m,igbo
Dilibe,-,unknown,-,igbo
Dilichi,/Dịlị-chi/,Live for God,m/f,igbo
Dimaka,/Dị-m-aka/,Be my helping hand.,m,igbo
Dinyelu,-,unknown,-,igbo
Diugwu,/Dị-ugwu/,Be respectable/dignified,m,igbo
Dunuoruchili,-,unknown,-,igbo
Duru,-,unknown,-,igbo
Ebele,/Ebele/,Mercy,f,igbo
Ebelechukwu,/Ebele-chukwu/,God's Mercy.,f,igbo
Ebere,/Ebere/,Mercy,f,igbo
Ebogha,-,unknown,-,igbo
Ebube,/Ebube/,Glory,m/f,igbo
Ebubedike,/Ebube-dike/,The glory of a warrior or someone of great accomplishment,m,igbo
Ebuka,/Ebuka/,unknown,m,igbo
Echeazu,/Eche-azu/,To reflect on the past,m,igbo
Echefu,/Echefu/,Unforgettable.,m,igbo
Echele,-,unknown,-,igbo
Echeruo,-,unknown,-,igbo
Echetebu,-,unknown,-,igbo
Echezona,/Echezọna/,Do not forget.,m,igbo
Edeh,-,unknown,-,igbo
Edewor,-,unknown,-,igbo
Edochie,/Edochịe/,To Replace; It has been replaced; One who is seen as replacement for something taken or lost,m,igbo
Efobi,/Efo-obi/,The memory of the heart,m,igbo
Egbogah,/Egboo-ogaa/,Progress is only possible after resolution of differences,m,igbo
Egboka,/Egboka/,unknown,m,igbo
Egbosi,-,unknown,-,igbo
Egbuawa,-,unknown,-,igbo
Egbune,/Egbune/,Do not kill,m,igbo
Egbunonu,/Egbune-ọnụ/,Do not smite the mouth,m,igbo
Egemba,/Ege-mba/,To not listen to the community/nation.,m,igbo
Egerue,-,unknown,-,igbo
Egonu,/Ege-ọnụ/,To not listen to (mischievous/slanderous) words,m,igbo
Egwu,/Egwu/,Fear,m,igbo
Egwuim,-,unknown,-,igbo
Egwuonwu,/Egwu-ọnwụ/,The fear of death,m,igbo
Ejekwo,-,unknown,-,igbo
Ejezie,/Ejezie/,A successful journey or visit,m,igbo
Ejidike,-,unknown,-,igbo
Ejike,/Eji-ike/,unknown,m,igbo
Ejikeme,/E-ji-ike-eme/,Do we prevail in life by strength?,m,igbo
Ejimakor,/E-ji-m-akọ/,I hold (in my hands) wisdom,m,igbo
Ejiofor,/E-ji-ọfọ/,One who acts in good faith.,m,igbo
Ejiogu,-,unknown,-,igbo
Eke,/Ékè/,Creation,m,igbo
Ekechi,/Eke-Chi/,God's creation,m,igbo
Ekedum,/Eke-dum/,May,m,igbo
Ekeh,/Eke/,unknown,-,igbo
Ekejimma,/Eke-ji-mma/,Creation holds all good things,f,igbo
Ekejindu,/Eke-ji-ndụ/,Creation holds life,f,igbo
Ekeke,/Eke-eke/,A creation on,m,igbo
Ekemezie,/Eke-emezie/,Eke, has remedied (a situation),igbo
Ekemma,/Eke-mma/,A beautiful creation,f,igbo
Ekene,/Ekene/,Gratitude,m/f,igbo
Ekenedilichukwu,/Ekene-dịlị-chukwu/,Gratitude to God,m/f,igbo
Ekeneme,/Eke-na-eme/,1,m,igbo
Ekengwu,/Eke-ngwu/,Creation,m/f,igbo
Ekenna,/Eke-nna/,The Father's creation.,m,igbo
Ekeocha,/Eke-ọcha/,unknown,m,igbo
Ekeoha,/Eke-ọha/,One made for the people.,m,igbo
Ekeoma,/Eke-ọma/,Good Creation.,f,igbo
Ekezie,/Ekezie/,To apportion (something) fairly,To apportion (something) fairly ,igbo
Ekpe,-,unknown,-,igbo
Ekpelu,-,unknown,-,igbo
Ekpere,/Ekpere/,Prayers,m/f,igbo
Ekpereka,/Ekpere-ka/,Prayers is far superior,m/f,igbo
Ekwealor,-,unknown,-,igbo
Ekweanya,-,unknown,-,igbo
Ekwebelem,-,unknown,-,igbo
Ekweke,-,unknown,-,igbo
Ekwensi,-,unknown,-,igbo
Ekwenugo,-,unknown,-,igbo
Ekweonu,-,unknown,-,igbo
Ekweozor,-,unknown,-,igbo
Ekweremadu,/E-kwere-Mmadu/,Did one agree with any human?,m,igbo
Ekwueme,/Ekwu-eme/,One who does exactly as he says or One whose words are his bound.,m,igbo
Ekwughanachi,/Èkwughànà-chí/,Do not speak against,m/f,igbo
Ekwunife,-,unknown,-,igbo
Ekwutosi,/Ekwutọsị/,Stop defaming me.,m/f,igbo
Elebuwa,/Elebe-ụwa/,To watch the world (in resignation),m,igbo
Eleje,-,unknown,-,igbo
Elekwachi,/Elekwa-chi/,Can we behold,m,igbo
Elendu,/Ele-ndụ/,To look upon life with hope,m,igbo
Elo,/Élò/,Counsel or to reason or a plan.,m,igbo
Elochukwu,/Élò-chúkwú/,God's Counsel or Plan.,m,igbo
Eloka,/Elo-ka/,A good counsel is worth more.,m,igbo
Elonna,/Élò-nnà/,Father's counsel or plan.,m,igbo
Elozona,/Elozona/,Do not forget.,m,igbo
Eluchie,/Eluchie/,To regrow or overgrow,m,igbo
Emeagwali,-,unknown,-,igbo
Emegini,/Eme-gịnị/,What did I do?,m,igbo
Emeh,/Eme/,One who does not act,m,igbo
Emelibe,-,unknown,-,igbo
Emelogu,-,unknown,-,igbo
Emelulumonye,/Emelụlụ-m-onye/,Who have I wronged or Who did I wrong?,m,igbo
Emelumadu,/Emelụ-mmadụ/,Did we wrong any one?,m,igbo
Emeluwa,/Emelụ-ụwa/,Did we wrong the world?,m,igbo
Emenike,/Emena-na-ike/,unknown,Do not take engage the world forcefully,igbo
Emenogha,-,unknown,-,igbo
Emenyi,-,unknown,-,igbo
Emenyonu,-,unknown,-,igbo
Emerenini,/Emere-nini/,What did I do?,m,igbo
Emeribe,-,unknown,-,igbo
Emezi,-,unknown,-,igbo
Emezue,/Emezue/,To have fulfilled or to meet the required number.,m,igbo
Emordi,/Eme-ọdị/,,m,igbo
Enebechi,/Enebe-chi/,To keep focus on God.,m,igbo
Enebuwa,/Enebe-ụwa/,To watch the world (in resignation),m,igbo
Enedanya,-,unknown,-,igbo
Enekwe,-,unknown,-,igbo
Enemuo,/Ene-mmụọ/,To look upon the spirit being (expectantly),m,igbo
Enendu,/Ene-ndụ/,To look upon life (with hope),m,igbo
Enukora,/Enu-ka-ora/,What is above (heaven) is mightier than the people,m,igbo
Enuma,/Enu-ma/,Heaven/God knows [best],m,igbo
Enunweoke,/Enu-nwe-oke/,The heavens create/apportions,m,igbo
Enwemaku,/Enwe-m-akụ/,I have acquired wealth.,m,igbo
Enweonwu,/Enwe-ọnwụ/,Does anyone have ownership of death?,m,igbo
Enyimba,/Enyi-mba/,The nation's elephant,m,igbo
Enyinnaya,/Ényì-nnà-yà/,His father's friend,m,igbo
Enyioma,/Enyi-ọma/,Good friend,m,igbo
Eruchalu,-,unknown,-,igbo
Esomchukwu,/E-so-m-chukwu/,I am following God,m/f,igbo
Esoro,-,unknown,-,igbo
Eto,/Etoo/,To uplift,m,igbo
Eyisi,-,unknown,-,igbo
Eyiuche,/Eyi-uche/,Something unexpected,m/f,igbo
Eze,/Eze/,King,m,igbo
Ezeagu,/Eze-agu/,The king leopard,m,igbo
Ezeagwu,/Eze-agwụ/,Priest of,m,igbo
Ezeajughi,/Eze-ajughi/,The kingship has not rejected,m,igbo
Ezeakabudu,/Eze-Akabudu/,unknown,m,igbo
Ezeakunne,/Eze-akụ-nne/,unknown,m,igbo
Ezeala,/Eze-ala/,The priest of,m,igbo
Ezeama,/Eze-ama/,unknown,The king of the,igbo
Ezeani,/Eze-anị/,unknown,Priest of ,igbo
Ezeanochie,/Eze-anọchie/,A king has taken the place of another,m,igbo
Ezeasoanya,/Eze-asọ-anya/,A king is irreverent/impartial,m,igbo
Ezeasor,/Eze-asọ/,unknown,m,igbo
Ezebo,-,unknown,-,igbo
Ezebube,/Eze-ebube/,The king of glory,m,igbo
Ezebuilo,/Eze-bụ-ilo/,1. A king is an enemy,m,igbo
Ezechukwu,/Eze-chukwu/,The priest of,m,igbo
Ezedimbu,/Eze-dị-mbụ/,There’s always been a King,m,igbo
Ezedinugwu,/Eze-dị-na-ugwu/,Kingship/the throne is set on a hill,m,igbo
Ezediokpu,/Eze-dị-ọkpụ/,A tough or formidable King,m,igbo
Ezegbulem,/Eze-egbule-m/,May the kingship not destroy me,m,igbo
Ezeh,/Eze/,unknown,-,igbo
Ezeife,/Eze-ife/,unknown,A king or priest of light,igbo
Ezeigwe,/Eze-igwe/,The king of the heavens,m,igbo
Ezeikpe,/Eze-ikpe/,Judge,m,igbo
Ezeilo,/Ezeilo/,unknown, ,igbo
Ezeimo,/Eze-imo/,The priest of,m,igbo
Ezejiaku,/Eze-ji-akụ/,The King holds wealth,m,igbo
Ezejiofor,/Eze-jị-ọfọ/,The king/priest holds the,m,igbo
Ezekibe,/Eze-ka-ibe/,The king/priest greater than his peers.,m,igbo
Ezekwem,/Eze-kwe-m/,May the kingship/priesthood suit me,m,igbo
Ezekwesili,/Eze-kwesịlị/,One deserving of the kingship or Fit for the throne,m,igbo
Ezekwugo,/Eze-kwe-Ugo/,,m,igbo
Ezenabor,/Eze-na-abọ/,Two kings.,m,igbo
Ezenagu,/Eze-na-agụ/,One who desires to be king,m,igbo
Ezenwa,/Eze-nwa/,The child king,m,igbo
Ezenwajiaku,/Eze-nwa-ji-akụ/,unknown,The child king who holds wealth ,igbo
Ezenwankwo,/Eze-Nwankwọ/,unknown,m,igbo
Ezenwugo,/Eze-nwa-ugo/,unknown,m,igbo
Ezeobi,/Eze-Obi/,The king/priest of the,m,igbo
Ezeohakem,/Ézè-Ọhakem/,unknown,m,igbo
Ezeoka,/Ézè-ọ́ká/,The king who is above all,m,igbo
Ezeokafor,/Ézè-Òkafọ̀/,unknown,m,igbo
Ezeoke,/Ézè-òkè/,The king of creation,m,igbo
Ezeokeke,/Ézè-Òkeké/,unknown,Eze,igbo
Ezeoma,/Ézè-ọ́má/,The good king,m,igbo
Ezeonu,-,unknown,-,igbo
Ezeonuegbu,/Eze-ọnụ-egbu/,The king who would not be killed/cowered by slanderous lips,m,igbo
Ezeonwumelu,/Eze-Ọnwụ-melụ/,unknown,m,igbo
Ezeonwuria,/Eze-Ọṅụrịa/,unknown,m,igbo
Ezeudo,/Eze-udo/,The king of peace,m,igbo
Ezi,/Ézí/,Road, True ,igbo
Eziafa,/Ézí-áfà/,Good name,m,igbo
Eziagulu,/Ezi-Ágụ́lụ̀/,unknown,The road to Agulu,igbo
Eziechina,/Ezi-echina/,May my paths (to wealth) never cease or become unprofitable,m,igbo
Eziegbene,/Ezi-egbene/,The path of the rooster,m,igbo
Ezieke,/Ezi-eke/,True or Good creation.,m,igbo
Ezienyi,/Ézí-ényì/,True friend,m/f,igbo
Ezike,/Ezi-ike/,True Strength,m,igbo
Ezikuno,/Ezi-ka-unọ/,The road far better than home,m,igbo
Ezimma,/Ezi-mma/,True beauty,f,igbo
Ezinne,/Ezi-nne/,True Mother. Exemplary Mother.,f,igbo
Ezinwa,/Ezi-nwa/,True Child,m/f,igbo
Ezinwanne,/Ezi-nwanne/,True sibling.,m,igbo
Ezisi,-,unknown,-,igbo
Eziuzo,/Ezi-ụzọ/,The true/good path.,m,igbo
Ezugo,/Ezugo/,unknown,m,igbo
Ezuma,/Ezuma/,,m,igbo
Ezumezu,/Ézù-m-èzù/,I am complete.,m,igbo
Ezurike,/Ezuru-ike/,To take a rest,m,igbo
Ezuruka,/Ezuru-ka/,(A group) who match a situation and exceed expectation,m,igbo
Febechi,/Febe-chi/,Keep worshiping God,m/f,igbo
Ginika,/Gịnị-ka/,What is greater?,f,igbo
Ginikachukwu,/Gịnị-ka-chukwu/,What is greater than God,f,igbo
Gozie,/Gọzie/,Bless,m/f,igbo
Ibe,/Ibe/,Peers or Kith,m,igbo
Ibeabuchi,/Ibe-abụrọ-Chi/,My peers/kith are not God,m,igbo
Ibeagwu,/Ibe-agwụ/,Peers/Kith are never in short supply.,m,igbo
Ibeakor,/Ibe-akọ/,May I never run out of kiths/peers,m,igbo
Ibeaso,-,unknown,-,igbo
Ibegbunam,/Ibe-egbuna-m/,May (my) peers not kill me,m,igbo
Ibeka,/Ibe-ka/,My kith/peers are more formidable,m,igbo
Ibekwe,/Ibe-kwe/,May my peers be agreeable or approve,m,igbo
Ibenye,/Ibe-enye/,unknown,m/f,igbo
Ibeto,/Ibe-eto/,My peers have uplifted (me),m,igbo
Ibezim,/Ibe-ezi-m/,My peers have shown me,m,igbo
Ibezimako,/Ibe-ezi-m-akọ/,unknown,My peers have shown me or taught me to be wise,igbo
Icheke,-,unknown,-,igbo
Ichetam,/Ị-cheta-m/,You have remembered me,m/f,igbo
Ide,-,unknown,-,igbo
Idika,-,unknown,-,igbo
Idiko,-,unknown,-,igbo
Idinakachukwu,/Ịdị-na-aka-chukwu/,You are in God's hands,m/f,igbo
Ifeabunike,/Ife-abụghị-na-ike/,Nothing comes by strength,m,igbo
Ifeajekwu,/Ife-ajekwu/,What shall they say (now),m,igbo
Ifeajuna,/Ife-ajụna/,Nothing should refuse/reject (my overtures),m,igbo
Ifeakandu,/Ife-aka-ndụ/,Nothing is greater than life or living,m/f,igbo
Ifeakauche,/Ife-akaghị-uche/,Nothing surpasses good sense,m,igbo
Ifeanyi,/Ife-anyị/,Nothing is impossible,m,igbo
Ifeanyichukwu,/Ife-anyirọ-chukwu/,Nothing is impossible to God,m,igbo
Ifeatu,/Ife-atụ/,A shining light,m/f,igbo
Ifebi,/Ife-bi/,A thing lives/exists,m,igbo
Ifebuzor,/Ife-bu-ụzọ/,The thing that comes first. The source,m/f,igbo
Ifechi,/Ìfè-chi/,The light of God,m/f,igbo
Ifechidere,/Ífé-chi-dere/,What God has written., f,igbo
Ifechukwu,/Ìfè-chukwu/,The light of God,m/f,igbo
Ifediba,/Ife-dịba/,"May things keep being- may wealth continue, may life continue",m,igbo
Ifediora,/Ife-dị-ọra/,A thing that pleases the people.,m/f,igbo
Ifedora,,unknown,-,igbo
Ifejika,/Ife-ejiri-ka/,Someone or thing by which we surpass the others,m,igbo
Ifejuka,/Ife-ju-ka/,May things come in full measure and run over,m,igbo
Ifekandu,/Ife-ka-ndụ/,Something greater than or beyond life or living,m,igbo
Ifekwunigwe,/Ife-kwụ-na-igwe/,One or a thing that stands in the sky,m,igbo
Ifemeludike,/Ífé-mélụ́-dìkē/,A thing that happened to the warrior,m,igbo
Ifemenam,/Ife-emena-m/,Nothing (no evil) should harm me,m/f,igbo
Ifemesia,/Ife-emesị-a/,Something- an event- has ceased,m/f,igbo
Ifengwu,/Ife-ngwu/,possession,m/f,igbo
Ifenkili,/Ị́fé-nkílí/,A spectacle,f,igbo
Ifenna,/Ife-nna/,light of the father.,m,igbo
Ifeoma,/ife-ọma/,Good Thing(s),f,igbo
Ifeora,/Ife-ọra/,A people's heritage/inheritance/possession,m/f,igbo
Iferikigwe,/Ife-erike-igwe/,Things are numerous.,m/f,igbo
Ifesi,/Ife-si/,unknown,m/f,igbo
Ifesinachi,/Ife-si-na-chi/,Things come from God,m/f,igbo
Ifeyinwa,/Ife-eyi-nwa/,Nothing can be compared to a child,f,igbo
Ifunanya,/Ifu-na-anya/,Love,f,igbo
Ify,-,unknown,-,igbo
Igbamma,/Igba-mma/,Beautiful drum,f,igbo
Igboanu,/Igbo-anụ/,Igbos have heard,m,igbo
Igboanugo,/Igbo-anugo/,Igbos have heard,m,igbo
Igboeli,-,unknown,-,igbo
Igboesorom,/Igbo-esoro-m/,The Igbos have followed me.,m,igbo
Igbojekwe,/Igbo-je-ekwe/,Igbo will approve/accept,m,igbo
Igbokwe,/Igbo-kwe/,Let the Igbos agree,m,igbo
Igbonazobi,/Igbo-na-azọ-obi/,unknown,Igbos save the ,igbo
Igwe,/Ígwē/,Heaven or sky,m,igbo
Igweagu,/Igwe-agụ/,A pack of Leopards.,m,igbo
Igwebuike,/Igwe-bu-ike/,Strength abides in the multitude.,m,igbo
Igwedibia,/Igwe-dibia/,A crowd/multitude/colony of traditional medicine men,m,igbo
Igwedimma,/Igwe-dị-mma/,A multitude is desirable,m,igbo
Igwegbe,/Igwe-egbe/,A flock of hawks,m,igbo
Igwekamma,/Igwe-ka-mma/,A multitude is better,m,igbo
Igwenagu,/Igwe-na-agụ/,One desiring a multitude,m,igbo
Igweneme,/Igwe-na-eme/,We achieve more as a collective, Multitude causes things to happen.,igbo
Igwenyi,/Igwe-enyị/,A herd of elephants,m,igbo
Igweze,/Igwe-eze/,A multitude of kings/nobility,m,igbo
Iheanacho,/Ihe-a-na-achọ/,The thing(s) we sought,m,igbo
Ihebuzor,/Ihe-bu-ụzọ/,Something or one that leads the way. Something that comes first.,m/f,igbo
Ihechikara,/Ihe-chi-kara/,What God purposed to be,m/f,igbo
Ihedioha,/Ihe-dị-ọha/,Whatever or a thing that pleases the people.,m,igbo
Ihediora,/Ihe-dị-ọra/,unknown,m,igbo
Ihejirika,/Ihe-ejiri-ka/,Someone or thing by which we surpass the others,m,igbo
Iheme,/Ihe-eme/,unknown,m,igbo
Iheoma,/Ihe-ọma/,Good Thing(s),f,igbo
Iheukwu,/Ihe-ukwu/,A great thing,m,igbo
Iheukwumere,/Ihe-ukwu-mere/,A great thing happened,m,igbo
Ihuaku,/Ihu-akụ/,The face of wealth,f,igbo
Ihuoma,/Ihu-ọma/,Good face,f,igbo
Ijeamaka,/Ije-amaka/,The journey was beautiful/fruitful,f,igbo
Ijeawele,/Íjè-áwéle/,"Easy, fruitful, journey",f,igbo
Ijemma,/Ije-mma/,A beautiful journey,f,igbo
Ijeoma,/Ije-ọma/,Good journey,f,igbo
Ike,/Ike/,Power; Strength,m,igbo
Ikeagwuonwu,/Ike-agwụ-ọnwụ/,Death never tires.,m,igbo
Ikeakaghichi,/Ike-akaghị-chi/,(human) Strength is not greater than one's,m,igbo
Ikeanyi,/Ike-anyị/,Our strength,m,igbo
Ikechukwu,/Ike-chukwu/,God's power,m,igbo
Ikedigwe,/Ike-di-igwe/,Strength that is plentiful,m,igbo
Ikelionwu,/Ike-eli-onwụ/,Strength cannot overcome death,m,igbo
Ikem,/Ike-m/,My Strength,m,igbo
Ikemba,/Ike-mba/,The combined power or strength of the community,m,igbo
Ikeme,/Ike-eme/,Physical strength does not suffice.,m,igbo
Ikemefuna,/Ike-m-efuna/,May I not lose my strength,m,igbo
Ikemerionwu,/Ike-emerịgo-ọnwụ/,Strength has overcome death.,m,igbo
Ikenga,/Ike-nga/,"A personal/family god of independence, industry and enterprise",m,igbo
Ikenna,/Ike-nna/,The strength of the father,m,igbo
Ikeogu,/Ike-ọgụ/,Strength for Fights/battles.,m,igbo
Ikeokpara,/Ike-ọkpara/,The strength of the first male child,m,igbo
Ikeokwu,/Ike-okwu/,The power of words,m,igbo
Ikeora,/Ike-ọra/,The strength of the people.,m,igbo
Ikeotuonye,/Ike-otu-onye/,The power of a single individual,m,igbo
Ikerionwu,/Ike-erie-ọnwụ/,unknown,m,igbo
Ikoku,-,unknown,-,igbo
Ikokwu,/Ike-okwu/,unknown,-,igbo
Ikpe,/Ikpe/,Judgment,m,igbo
Ikpeazu,/Ikpe-azu/,The last,Secret Judgment,igbo
Ikpeze,/Ikpe-eze/,The King's Judgement.,m,igbo
Ikpokolo,/Ikpe-Okolo/,unknown,Request or case for male child,igbo
Ikwuenyenwa,/Íkwú-ényé-nwá/,Kin do not give children.,m/f,igbo
Ikwukaeme,/Ikwu-ka-eme/,Our kins do the most,m/f,igbo
Iloabuchi,/Ilo-abụghị-chi/,One's enemy is not his,m,igbo
Ilobi,/Ilo-obi/,The enmity/enemy within the,m,igbo
Ilodinjo,/Ilo-dị-njọ/,Enmity is bad.,m,igbo
Iloegbunam,/Ilo-egbuna-m/,May enemies (enmity) not kill me.,m,igbo
Iloghalu,/Ilo-gha-lu/,May enemies evade me,m,igbo
Iloka,/Ilo-ka/,Enmity/enemies are plentiful,m,igbo
Ilomuanya,/Ilo-mu-anya/,The enemy is awake,m,igbo
Ilorah,/Ilo-raa/,Let (my) enemies let me be,m,igbo
Ilouno,/Ilo-ụnọ/,The enemy within the home.,m,igbo
Ilozue,/Ilo-zue/,Let the enemies gather,m,igbo
Imammachi,/Ima-mma-chi/,The beauty of God,f,igbo
Imedegwu,-,unknown,-,igbo
Imoh,/Imo/,A deity,m,igbo
Imoka,/Imo-ka/,is preeminent,m,igbo
Inyama,-,unknown,-,igbo
Iroabuchi,/Iro-abụ-chi/,The enemy is not (your) God.,m,igbo
Iroaganachi,/Iro-agana-chi/,May enemies not overtake my,m,igbo
Irobi,/Iro-obi/,The enmity/enemy in the,m,igbo
Ironsi,-,unknown,-,igbo
Iruaku,/Iru-akụ/,The face of wealth.,f,igbo
Iruka,/Ịrụ-ka/,The future holds better prospect.,f,igbo
Isioma,/Isi-ọma/,Good head,m/f,igbo
Isiugo,/Isi-ugo/,A head of honour.,m/f,igbo
Itumo,-,unknown,-,igbo
Ivenso,/Ive-nsọ/,Something holy,m,igbo
Iweajulu,/Iwe-a-jụlụ/,An anger has been pacified,m,igbo
Iweala,/Iwe-ala/,The anger of,m,igbo
Iweanaoge,-,unknown,-,igbo
Iwegbunam,/Iwe-egbuna-m/,May anger not consume me,m,igbo
Iwegbune,/Iwe-egbune/,May anger not kill me.,m,igbo
Iweka,/Iwe-ka/,unknown,m,igbo
Iwene,/Iwe-ne/,unknown,m,igbo
Iwu,/Iwu/,Law or command,m,igbo
Iwuagwu,/Iwu-chukwu/,The law or command of,m,igbo
Iwuanyanwu,/Iwu-anyanwu/,The law or command of,m,igbo
Iwuchukwu,/Iwu-chukwu/,The law or command of God.,m,igbo
Iwujiora,/Iwu-ji-ọra/,The law that binds the people.,m,igbo
Iwuno,/Iwu-unọ/,The rule guiding a home.,m,igbo
Izu,/Izu/,"Meeting, Gathering; a Plot, a Conspiracy",m,igbo
Izuakor,/Izu-akọ/,May I always access the benefits of a meeting,May I always access the benefits of a meeting,igbo
Izuchukwu,/Izu-chukwu/,God's plot,m,igbo
Izuegbunam,/Izu-egbuna-m/,May I not die by a conspiracy.,m,igbo
Izukanne,-,unknown,-,igbo
Izundu,/Izu-ndu/,A plot of Life.,m,igbo
Izunna,/Izu-nna/,The father's plot,m,igbo
Izunne,/Izu-nne/,The mother's plot,m,igbo
Izuorah,/Izu-ọra/,A plot/agreement of the people,m,igbo
Jachimma,/Jaa-chi-mma/,﻿Hail God,m/f,igbo
Jibuike,/Ji-bụ-ike/,Yam is might.,m,igbo
Jidenna,/Jide-nna/,Hold on to the father,m,igbo
Jideobi,/Jide-obi/,Hold (firmly) the,m,igbo
Jideofor,/Jide-ọfọ/,Hold the,m,igbo
Jiroh,/Ji-ro/,Ji-ro-na-ọba,m,igbo
Juachi,/Jua-chi/,Ask God,m/f,igbo
Kainene,/Ka-anyị-na-ene/,Let us watch.,m/f,igbo
Kalu,/Kalụ/,unknown,m,igbo
Kamalu,/Kamalụ/,The god of thunder.,m,igbo
Kamanu,/Kamanụ/,The god of thunder,m,igbo
Kambili,/Ka-m-bili/,May I live.,m/f,igbo
Kamsiyochukwu,/Kam-si-yọ-chukwu/,Exactly as I asked God,m/f,igbo
Kanayo,/Ka-ana-ayọ/,Lets keep offering supplications,m,igbo
Kanayochukwu,/Ka-ana-ayọ-chukwu/,Lets keep offering supplications to God,m,igbo
Kanu,/Kanụ/,unknown,m,igbo
Kaoguluonye,/Ka-ọgụlụ-onye/,Whatever an individual craves.,m/f,igbo
Kaosolu,/Ka-ọsọlụ/,As it pleases,m/f,igbo
Kaosoluchukwu,/Ka-ọsọlụ-chukwu/,As it pleases God,m/f,igbo
Kasarachi,/Kasara-chi/,Tell it to God.,m/f,igbo
Kasie,/Kasịe/,Console,m/f,igbo
Kasiemobi,/Kasịe-m-obi/,Console (my heart),m/f,igbo
Kechi,/Ke-chi/,unknown,f,igbo
Kene,/Kene/,Thank,m/f,igbo
Kenechukwu,/Kene-chukwu/,Thank God.,m,igbo
Kosarachi,/Kọsara-chi/,Tell it to God,m/f,igbo
Kosolu,/Ka-ọsọlụ/,unknown,m/f,igbo
Kosoluchukwu,/Ka-ọsọlụ-chukwu/,unknown,m/f,igbo
Kutanya,/Kụta-anya/,To be in resignation,m,igbo
Kwerenachi,/Kwere-na-chi/,Believe in God,m/f,igbo
Lebechi,/Lebe-chi/,unknown,m/f,igbo
Lotachukwu,/Lota-chukwu/,Remember God.,m/f,igbo
Lotanna,/Lota-nna/,Remember the father,m,igbo
Madichie,-,unknown,-,igbo
Madiebo,/Mmadi-ebo/,unknown,m,igbo
Madu,/Mmadụ/,Human(s),m,igbo
Maduabuchi,/Mmadụ-abụghị-chi/,Man is no,m,igbo
Maduakor,/Mmadụ-akọ/,unknown,m,igbo
Madubuko,/Mmadụ-bụ-uko/,People are a thing to pride,m,igbo
Madueke,-,unknown,-,igbo
Maduka,/Mmadụ-ka/,People are greater/better,m,igbo
Madukife,/Mmadụ-ka-ịfe/,Humans are of far more value than material things.,m,igbo
Madumelu,/Mmadu-melu/,A thing wrought by human,m,igbo
Makachi,/Maka-chi/,For the sake of God,m,igbo
Makuo,/Makụọ/,Embrace,m,igbo
Makuochukwu,/Makụọ-chukwu/,Embrace God,m,igbo
Makwudo,-,unknown,-,igbo
Malife,/Malụ-ịfe/,Get Knowledge,m,igbo
Mbadiwe,/Mba-dị-iwe/,A community/nation that is seething,m,igbo
Mbadugha,/Mba-dụ-ụgha/,A community/nation trades in deceit,m,igbo
Mbaebie,/Mba-ebie/,A nation has ended,m,igbo
Mbaegbulam,/Mba-egbula-m/,May a nation not kill me,m,igbo
Mbaekwe,/Mba-ekwe/,The Nation did not approve,m,igbo
Mbagu,/Mba-agụ/,unknown,The leopard's roar,igbo
Mbagwu,-,unknown,-,igbo
Mbaka,/Mba-ka/,Scolding is better than a fight,Scolding is better than a fight,igbo
Mbakwe,/Mba-kwe/,May the community or nation permit/approve,m,igbo
Mbamalu,/Mba-malu/,That the community may become aware,m,igbo
Mbanefo,/Mba-na-efo/,May the nation/community remember.,m,igbo
Mbanugo,/Mba-anugo/,The nation/community has heard (the message),m,igbo
Mbanusi,-,unknown,-,igbo
Mbanuzuru,/Mba-nụzuru/,All of the nations heard,m,igbo
Mbanwusi,/Mba-anwụsị/,May the nation not die off,m,igbo
Mbawike,/Mba-wụ-ike/,A nation is a source of strength.,m,igbo
Mbonu,/Mba-ọnụ/,Chastisement,m,igbo
Mefor,-,unknown,-,igbo
Meka,-,unknown,-,igbo
Mezue,/Mezue/,To Fulfill or meet requirement.,m,igbo
Mgbachi,/Mgbachi/,A exact a replacement,m,igbo
Mgbafor,/Mgbe-Afọ/,A female born on,f,igbo
Mgbakor,-,unknown,-,igbo
Mgbebu,-,unknown,-,igbo
Mgbeke,/Mgbe-Eke/,On,f,igbo
Mgbeoji,-,unknown,-,igbo
Mgboye,/Mgbe-Oye/,Young female born on,f,igbo
Mkparu,/Mkpa-arụ/,Material needs,f,igbo
Mkpulumma,/Mkpụlụ-mma/,A seed of beauty,f,igbo
Mmadu,/Mma-dụ/,Human(s),m,igbo
Mmaduba,/Mmadu-baa/,May people multiply,m,igbo
Mmadubueze,/Mmadụ-bụ-eze/,People are king,m,igbo
Mmaduneme,/Mmadụ-na-eme/,It is mankind who cause things to happen.,m,igbo
Mmaegbunem,/Mma-egbune-m/,unknown,May my good deed never destroy me,igbo
Mmasichukwu,/Mmasi-chukwu/,God's desire/pleasure,m/f,igbo
Mmegbu,/Mmegbu/,Unfair treatment,m,igbo
Mmeso,/Mmeso/,unknown,f,igbo
Mmesoma,/Mmeso-ọma/,unknown,Acts of kindness;,igbo
Mmesomachi,/Mmeso-ọma/,unknown,Kind acts of God,igbo
Mmuo,/Mmụọ/,Spirit.,m,igbo
Mmuoma,/Mmụọ-ma/,The spirit being knows,m,igbo
Modebe,/Mmụọ-debe/,The spirit being kept/preserved me,m,igbo
Modezie,/Mmụọ-dezie/,unknown,m,igbo
Modilim,/Mmụọ-dịlị-m/,Let the spirit being be on my side,m,igbo
Mogbo,/Mmụọ-gboo/,May the spirit supply my needs,m,igbo
Moghalu,/Mmụọ-gha-lu/,Let the spirit evade me,m,igbo
Mokwelu,/Mmụọ-kwelu/,The spirit being is deserving/worthy,m,igbo
Mokwugwo,/Mmụọ-kwụọ-ụgwọ/,Let the spirit being reward (us),m,igbo
Molokwu,-,unknown,-,igbo
Momah,/Mmụọ-ma/,The Spirit Knows.,m,igbo
Moneke,/Mmụọ-na-eke/,The spirit creates,m,igbo
Monye,/Mmụọ-nye/,The spirit gave,m,igbo
Morah,/Mmuo-raa/,Let the spirit being leave me be.,m,igbo
Motoh,/Mmụọ-to/,Mmụọ-to,m,igbo
Mozie,/Mmụọ-zie/,The spirit being has shown,m,igbo
Mukosolu,/Mụ-ka-ọsọlụ/,It pleases me,m/f,igbo
Munachi,/Mụ-na-chi/,I and,f,igbo
Munachimso,/Mụ-na-chi-m-so/,I and my,f,igbo
Muofunanya,/Mmụ̄ọ́-fụ̀-ná-ányá/,The spirit(s) love,m/f,igbo
Muogbo,/Mmụọ-gboo/,unknown,m,igbo
Muoghalu,/Mmụọ-gha-lu/,Let the spirit being leave me be,m,igbo
Muojekwe,/Mmụọ-jee-ekwe/,The Spirit beings/Ancestors shall approve.,m,igbo
Muojiama,/Mmụọ-ji-ama/,The Spirit being defends the,m,igbo
Muokwugwo,/Mmụọ-kwụọ-ụgwọ/,May the spirit being pay/judge everyone in kind,m,igbo
Muoneme,/Mmuo-na-eme/,The spirit does or brings to reality,m,igbo
Muozoba,/Mmuo-zoba/,May the spirit being continue to save,m,igbo
Nchedo,/Nchedo/,Hope.,m/f,igbo
Nchekwube,/Nchekwube/,Hope,m/f,igbo
Nchezo,/Nchezo/,To forget,m/f,igbo
Ndefo,-,unknown,-,igbo
Ndibe,/Ndị-ịbe/,My kith or peers,m,igbo
Ndidi,/Ndidi/,Patience,m/f,igbo
Ndidiamaka,/Ndidi-amaka/,Patience is so beautiful,f,igbo
Ndife,/Ndị-ịfe/,The people of the light,m,igbo
Ndigwe,/Ndị-igwe/,,m,igbo
Nduba,/Ndu-ba/,May Life abound,m,igbo
Ndubuaku,/Ndụ-bụ-akụ/,Life is wealth,m,igbo
Ndubueze,/Ndụ-bụ-eze/,Life is king,m,igbo
Ndubuisi,/Ndụ-bụ-isi/,Life/living is paramount,m,igbo
Ndujekwu,/Ndu-jekwu/,Life will speak (on my behalf).,m,igbo
Nduka,/Ndụ-ka/,unknown,m,igbo
Ndukaku,/Ndụ-ka-akụ/,Life is greater than wealth.,m,igbo
Ndukwe,/Ndu-kwe/,Let life permit,m,igbo
Ndulue,/Ndu-lue/,May life reach me,m,igbo
Ndum,/Ndụ-m/,My Life,m,igbo
Nduoma,/Ndụ-ọma/,A well lived life; A good life,f,igbo
Nebechi,/Nebe-chi/,Keep focus on God,m/f,igbo
Nebedum,-,unknown,-,igbo
Nebeolisa,/Nebe-olisa/,Keep your eyes on,m,igbo
Nebuwa,/Nebe-ụwa/,unknown,Watch the world (in resignation),igbo
Netochukwu,/Na-eto-chukwu/,Continue praising God.,m/f,igbo
Ngene,/Ngene/,A river deity,m,igbo
Ngige,/Ngige/,Fence; Barrier,m,igbo
Ngoka,-,unknown,-,igbo
Ngozi,/Ngọzị/,Blessing,f,igbo
Ngozika,/Ngọzị-ka/,Ngozi chukwu ka,f,igbo
Ngwu,/Ngwu/,"A deity in certain Igbo communities in Enugu and Anambra states, Nigeria. Bears similarities with Ogwugwu.",m,igbo
Ngwube,/Ngwube/,Founding or foundation,m,igbo
Njideka,/Njide-ka/,Keeping possession worths more or is far greater.,f,igbo
Njoku,/Njọkụ/,The yam deity.,m,igbo
Nkachukwu,/Nka-chukwu/,God's craft (work),m,igbo
Nkamigbo,-,unknown,-,igbo
Nkechi,/Nke-chi/,God's own,f,igbo
Nkechinyere,/Nke-chi-nyere/,One or a thing given by God,f,igbo
Nkejiaka,/Nke-eji-aka/,The thing by which we surpass,m,igbo
Nkem,/Nke-m/,Mine,f,igbo
Nkemaka,/Nkem-aka/,Mine has become more/superior,f,igbo
Nkemakonam,/Nke-m-akọna-m/,May I not want for what is mine,f,igbo
Nkemdilim,/Nke-m-dịlị-m/,May what is mine be mine or May I never be denied of my portion,f,igbo
Nkemdirim,/Nke-m-dịrị-m/,May what is mine be mine or May I never be denied of my portion,f,igbo
Nkemjika,/Nke-m-jị-ka/,What's in my possession worths more or is far better,m/f,igbo
Nkeoma,/Nke-ọma/,A good one,f,igbo
Nkiru,/Nke-ịrụ/,The future.,f,igbo
Nkiruka,/Nke-ịrụ-ka/,What the future hold is far better,f,igbo
Nkwo,/Nkwọ/,unknown,The last of the four Igbo market days,igbo
Nkwocha,-,unknown,-,igbo
Nnabude,/Nnà-bụ̀-ùdé/,Fatherhood grants fame,m,igbo
Nnabuenyi,/Nna-bụ-enyị/,Father is the elephant,m,igbo
Nnabueze,/Nna-bụ-eze/,The father is king,m,igbo
Nnabugwu,/Nna-bụ-ugwu/,Fatherhood confers respect,m,igbo
Nnabuife,/Nnà-bụ̀-ị̀fè/,Father/fatherhood illuminates,m,igbo
Nnabuihe,/Nna-bụ-ihe/,Father/Fatherhood is remarkable.,m,igbo
Nnabuike,/Nnà-bụ̀-íké/,Father/fatherhood is strength,m,igbo
Nnacho,-,unknown,-,igbo
Nnadi,/Nna-dị/,The father lives,m,igbo
Nnadozie,/Nna-dozie/,May the father mend or repair (something),m,igbo
Nnaebue,/Nna-ebue/,The father has increased/prospered,m,igbo
Nnaemeka,/Nna-emeka/,The father did so well,m,igbo
Nnagbo,/Nnà-gboo/,unknown,m,igbo
Nnaji,/Nna-ji/,The father holds,m,igbo
Nnajiofor,/Nna-ji-ọfọ/,The father holds the,m,igbo
Nnaka,/Nna-ka/,The father is superior,m,igbo
Nnake,/Nna-kee/,May the father apportion/create,m,igbo
Nnakwe,/Nna-kwe/,May the father approve/agree/permit.,m,igbo
Nnamani,-,unknown,-,igbo
Nnamdi,/Nna-m-dị/,My father lives/exists,m,igbo
Nnamekwe,/Nna-m-ekwe/,My father has agreed,m,igbo
Nnaneduzor,/Nna-na-edu-ụzọ/,The father leads the way,m,igbo
Nnanna,/Nna-nna/,The father's father; Grandfather,m,igbo
Nnanwube,/Nna-nwe-ube/,The father owns/wields the spear,m,igbo
Nnanyelugo,/Nna-nyelu-ugo/,The father bestowed honour/excellence,m,igbo
Nnatu,-,unknown,-,igbo
Nnatuanya,/Nna-tụ-anya/,The father hoped for,m,igbo
Nneamaka,/Nne-amaka/,Mother or motherhood is so beautiful,f,igbo
Nnebe,-,unknown,-,igbo
Nnebedum,-,unknown,-,igbo
Nnebisi,/Nne-bụ-isi/,Mother is paramount,f,igbo
Nnebugwu,/Nne-bụ-ugwu/,Motherhood confers respect or motherhood is dignifying.,f,igbo
Nnebuife,/Nne-bụ-ịfe/,Mother/Motherhood is remarkable,f,igbo
Nnebuihe,/Nne-bụ-ịhe/,Mother/Motherhood is remarkable.,f,igbo
Nnebuzo,/Nne-bụ-ụzọ/,Mother comes first or The mother who comes first,f,igbo
Nnedi,/Nne-di/,The mother lives,f,igbo
Nnedimkpa,/Nne-dị-mkpa/,Mother is important,f,igbo
Nnedimma,/Nne-dị-mma/,Mother/motherhood is good,f,igbo
Nneji,/Nneji/,unknown,m/f,igbo
Nnejindu,/Nne-jị-ndụ/,Mothers or motherhood holds life.,m/f,igbo
Nneka,/Nne-ka/,Mothers are superior,f,igbo
Nnena,/Nne-nna/,The father's mother,f,igbo
Nneoma,/Nne-ọma/,Good mother,f,igbo
Nnerike,/Nne-erike/,Mother is phenomenal,f,igbo
Nnodu,/Nnọdụ/,To stay or remain,m/f,igbo
Nnoje,-,unknown,-,igbo
Nnolim,-,unknown,-,igbo
Nnopu,/Nnọpụ/,Separation,m/f,igbo
Nosike,/Nọ-sie-ike/,Stay confidently or boldly. To be without fear,m,igbo
Nsoegbunam,/Nsọ-egbuna-m/,May forbidden conducts not destroy.,m,igbo
Nsofor,/Nsọ-ọfọ/,The rules guiding the,m,igbo
Ntikwe,/Ntị-kwe/,If the ear would listen,m,igbo
Ntukogu,/Ntụ-ka-ọgụ/,Lying is better than fighting,m,igbo
Nwabashili,-,unknown,-,igbo
Nwabia,/Nwa-abịa/,A child has arrived,m,igbo
Nwabu,/Nwa-bụ/,unknown,m/f,igbo
Nwabue,/Nwa-bue/,May the child increase.,m/f,igbo
Nwabueze,/Nwa-bụ-eze/,The child (who) is king.,m,igbo
Nwabufo,/Nwa-bụ-ufo/,Child is something to wish for.,m,igbo
Nwabugo,/Nwa-bụ-ugo/,A Child is an honour or a mark of excellence.,m/f,igbo
Nwabugwu,/Nwa-bụ-ugwu/,A Child bestows respect,m/f,igbo
Nwabuike,/Nwa-bụ-ịke/,Child is (one's) strength,m,igbo
Nwabuikwu,/Nwa-bụ-ikwu/,Child is one's kin,m,igbo
Nwabuisi,/Nwa-bụ-isi/,Child is the principal thing,m/f,igbo
Nwabundo,/Nwa-bụ-ndo/,Child is a shade/canopy,m/f,igbo
Nwabunwanne,/Nwa-bụ-nwanne/,One's child is (also) one's sibling,m/f,igbo
Nwabuogo,/Nwa-bụ-ọgọ/,A child is a favour,m/f,igbo
Nwabuonu,/Nwá-bụ̀-ọ́ṅụ̀/,Child is (a thing of) joy,m/f,igbo
Nwaburu,/Nwá-bụ̀-úrù/,Child is gain.,m/f,igbo
Nwachineke,/Nwá-chínékè/,The child of,m,igbo
Nwachukwu,/Nwa-chukwu/,Child of God.,m,igbo
Nwadihi,-,unknown,-,igbo
Nwadike,/Nwá-dike/,The child of a warrior,m,igbo
Nwadiogwa,/Nwa-dị-ọgwa/,Children are in variety.,f,igbo
Nwadiora,/Nwa-di-ọra/,"""Nwa-di-ọra-mma""",m/f,igbo
Nwadiuto,/Nwá-dị̀-ụ̀tọ́/,Child is sweet,m/f,igbo
Nwadukwe,/Nwa-di-ụkwe/,unknown,m,igbo
Nwaegbu,-,unknown,-,igbo
Nwaeri,/Nwa-eri/,A child of Eri,m,igbo
Nwaezenagu,/Nwa-eze-na-agu/,A child desirous of the Kingship,m,igbo
Nwafor,/Nwa-afọ/,Child of,m,igbo
Nwafulume,/Nwa-fulu-me/,Child who is capable,m,igbo
Nwagbara,/Nwa-agbara/,Child of,m,igbo
Nwagbata,/Nwa-gbata/,A child has come quickly (to rescue),m,igbo
Nwagbo,/Nwa-gboo/,May the child supply my needs,m,igbo
Nwagu,/Nwa-agu/,Child of a leopard,m,igbo
Nwagwu,/Nwa-agwu/,Child of,m,igbo
Nwaigbo,/Nwa-igbo/,The child of the Igbos,m,igbo
Nwaije,/Nwá-íjè/,A child of travels,m,igbo
Nwajiagu,/Nwa-ji-agu/,The Child who holds the Leopard,m,igbo
Nwajiaku,/Nwa-ji-akụ/,A child who holds wealth,m,igbo
Nwajiani,/Nwa-ji-anị/,The Child who has,m,igbo
Nwaka,/Nwa-ka/,A child is the most important,m,igbo
Nwakaego,/Nwa-ka-ego/,A child is better than money.,f,igbo
Nwakaeme,/Nwa-ka-eme/,A child does the most (good),m/f,igbo
Nwakaibeya,/Nwa-ka-ibe-ya/,A child eminent over his/her peers,m,igbo
Nwakali,/Nwaka-alị/,A priest of,m,igbo
Nwakalo,/Nwaka-Alọ/,A priest of,m,igbo
Nwakalor,/Nwa-ka-Alọ/,A priest of,m,igbo
Nwakani,/Nwaka-ani/,A priest of,m,igbo
Nwakibeya,/Nwa-ka-ịbe-ya/,A child eminent over his/her peers.,m,igbo
Nwakpadolu,-,unknown,-,igbo
Nwali,/Nwa-alị/,Child of,m,igbo
Nwalusi,/Nwa-Alusi/,Child of a deity,m,igbo
Nwamachukwu,/Nwa-ama-chukwu/,A Child that bears witness to God.,m,igbo
Nwamaka,/Nwa-amaka/,A child is so beautiful,f,igbo
Nwamalubia,/Nwa-malụ-bịa/,Child that came at the right time.,m/f,igbo
Nwamba,/Nwa-mba/,The child of the nation,m,igbo
Nwamgba,/Nwa-mgba/,Wrestler,m,igbo
Nwamma,/Nwa-mma/,Child of Beauty. Beautiful child,f,igbo
Nwana,/Nwa-Ana/,Child of,m,igbo
Nwando,/Nwa-ndo/,unknown,-,igbo
Nwanenye,/Nwa-na-enye/,unknown,A child gives,igbo
Nwaneri,/Nwa-na-eri/,Child who is living the good life,m,igbo
Nwangene,/Nwa-Ngene/,Child of,m,igbo
Nwangwu,/Nwa-Ngwu/,Child of,m,igbo
Nwani,/Nwa-Anị/,Child of,m,igbo
Nwanke,-,unknown,-,igbo
Nwankpa,/Nwa-nkpa/,A child of need,m,igbo
Nwankwo,/Nwa-Nkwọ/,A Child of,m,igbo
Nwanna,/Nwa-nna/,Child of the father,m,igbo
Nwannaya,-,unknown,-,igbo
Nwannia,-,unknown,-,igbo
Nwanosike,/Nwa-Nọ-si-ike/,May the child stay boldly.,m,igbo
Nwanri,/Nwa-Nri/,Child of Nri,m,igbo
Nwanyanwu,/Nwa-Anyanwụ/,The child of or devotee of or one dedicated to,m,igbo
Nwaoboshi,-,unknown,-,igbo
Nwaogu,/Nwa-ọgụ/,Child of war,m,igbo
Nwaogueze,/Nwa-ọgụ-eze/,The Child of the kings war,m,igbo
Nwaoyeocha,-,unknown,-,igbo
Nwapa,-,unknown,-,igbo
Nwarieji,/Nwa-rie-ji/,The Child should eat yam,m,igbo
Nwasike,,unknown,-,igbo
Nwasokwa,-,unknown,-,igbo
Nwaugo,/Nwa-ugo/,A child that brought honour or that is a mark of excellence.,m,igbo
Nwawuike,/Nwá-wụ̀-íké/,unknown,m,igbo
Nwazu,-,unknown,-,igbo
Nwazuruahu,/Nwa-zuru-ahu/,Children abound.,m,igbo
Nwegwunatu,/Nwa-egwu-na-atụ/,Child who is afraid,m,igbo
Nwejiaka,/Nwa-eji-aka/,The child by which we surpass.,m,igbo
Nweke,/Nwá-èké/,unknown,Child of ,igbo
Nweku,/Nwa-eku/,A child who is borne in one's hands.,m,igbo
Nwemeluwa,-,unknown,-,igbo
Nweze,/Nwa-eze/,The king's child.,m,igbo
Nwigwe,/Nwá-ígwé/,Child of the heavens,m,igbo
Nwigwenagu,/Nwa-igwe-na-agụ/,The child who desires a great many descendants.,m,igbo
Nwike,/Nwa-ike/,Child of (ones) Power,m,igbo
Nwikwu,/Nwa-ịkwu/,Child of one's kin,m,igbo
Nwimo,/Nwa-imo/,Child of,m,igbo
Nwiyi,/Nwa-iyi/,Child of covenant,m,igbo
Nwizu,/Nwa-izu/,Child of a gathering.,m,igbo
Nwobi,/Nwa-obi/,Child of the Obi,m,igbo
Nwobodo,/Nwa-obodo/,The child of the community,m,igbo
Nwobu,/Nwa-obu/,unknown,The child of the ,igbo
Nwobualor,/Nwa-obu-alọ/,unknown,A child who has come from the ,igbo
Nwobum,/Nwa-obu-m/,Child of my,m,igbo
Nwoga,-,unknown,-,igbo
Nwogbo,/Nwa-ogbo/,Child companion,m,igbo
Nwogu,/Nwa-ọgụ/,A child of war or One born to wage wa,m,igbo
Nwokeabia,/Nwoke-abịa/,A man has come,m,igbo
Nwokedi,/Nwoke-di/,A man exists/is.,m,igbo
Nwokeocha,/Nwoke-ọcha/,Light complexioned male,m,igbo
Nwokeoji,/Nwoke-Oji/,unknown,A dark complexioned male,igbo
Nwokike,/Nwa-okike/,Child of Creation.,m,igbo
Nwoko,/Nwoko/,A male child or Man,m,igbo
Nwokolo,/Nwa-Okolo/,A male child,m,igbo
Nwokoro,/Nwa-Okoro/,A male child,m,igbo
Nwolisa,/Nwa-olisa/,Child of,m,igbo
Nwolu,-,unknown,-,igbo
Nwora,/Nwa-ọra/,The Child of the people,m,igbo
Nworgu,/Nwa-ọgụ/,A child of war or One born to wage war,m,igbo
Nwosa,/Nwa-osa/,Child of,m,igbo
Nwosu,/Nwa-osu/,A child devoted/set aside to/for,m,igbo
Nwosungene,/Nwa-osu-Ngene/,Child dedicated to,m/f,igbo
Nwoye,/Nwa-Oye/,Child of,m,igbo
Nwozor,/Nwa-Ọzọ/,Child of an,m,igbo
Nwuba,/Nwa-ụba/,Child of prosperity/abundance,m,igbo
Nwubani,/Nwa-ụbanị/,Child of Ubani,m,igbo
Nwude,/Nwa-ude/,A child of fame,m,igbo
Nwuke,/Nwa-uke/,Child of Uke,m,igbo
Nwune,/Nwunne/,Sibling,m,igbo
Nwuneli,/Nwune-eli/,unknown,m,igbo
Nwuwa,/Nwa-ụwa/,Child of the world,m,igbo
Nwuya,/Nwa-ụya/,A child who came after much grief,m,igbo
Nze,/Nze/,An elder who is seen as representative of the ancestors. Generally regarded as upstanding member of the community.,m,igbo
Nzeakor,/Nze-akọ/,unknown,m,igbo
Nzekwe,/Nze-kwe/,May the,m,igbo
Nzeogwu,-,unknown,-,igbo
Nzimiro,-,unknown,-,igbo
Nzube,/Nzube/,Purpose,m/f,igbo
Nzubechukwu,/Nzube-chukwu/,God's purpose,m/f,igbo
Nzuteigbo,/Nzute-igbo/,The meeting of the Igbos,m,igbo
Obasi,/Ọbasị/,unknown,m,igbo
Obaze,-,unknown,-,igbo
Obele,/Obele/,Little,m,igbo
Obeleagu,/Obele-agu/,Young or Little Leopard,m,igbo
Obeleogu,/Obele-ọgụ/,The little battle,m,igbo
Obennebo,-,unknown,-,igbo
Obi,/Òbí/,The first house in a family compound that serves as the center of the family's physical and spiritual administration.,m,igbo
Obiageli,/Ọbịa-ga-eli/,One who has come to live a good life,f,igbo
Obiageri,/Ọbịa-ga-eri/,One who has come to live a good life,f,igbo
Obiajulu,/Obi-ajụlụ/,The heart has found peace,m,igbo
Obiakeze,/Obi-akaghị-eze/,The,m,igbo
Obiakor,/Òbí-ákọ́/,I always have an,m,igbo
Obialu,/Ọbịalụ/,One who came,f,igbo
Obialunamma,/O-bịalu-na-mma/,One who came at a good time,f,igbo
Obiano,-,unknown,-,igbo
Obianokwalu,/Obi-a-nọkwalu/,The,m,igbo
Obianowalu,/Obi-a-nọwalụ/,The,m,igbo
Obianuju,/Ọbịa-na-uju/,unknown,f,igbo
Obiatuegwu,/Obi-atụghi-egwu/,The,m,igbo
Obibuenyi,/Obi-bu-enyi/,The Obi is an elephant,m,igbo
Obibuotu,/Obi-bụ-otu/,The,m,igbo
Obidi,/Obi-di/,The,m,igbo
Obidigbo,/Òbí-di-gboo/,The,m,igbo
Obidigwe,/Òbí-dị-igwe/,The,m,igbo
Obidike,/Obi-di-ike/,The,m,igbo
Obidimma,/Obi-dị-mma/,he,m,igbo
Obidiozor,/Obi-dị-ọzọ/,An,m,igbo
Obiechina,/Obi-echina/,May the,m,igbo
Obiefuna,/Obi-efuna/,May the,m,igbo
Obiekezie,/Obi-ekezie/,The,m,igbo
Obiekwe,/Obi-ekwe/,The heart agrees,m,igbo
Obienu,-,unknown,-,igbo
Obienyem,/Obi-enye-m/,The,m,igbo
Obieze,/Obi-eze/,The kings,m,igbo
Obigwu,-,unknown,-,igbo
Obijiaku,/Obi-ji-akụ/,The,m,igbo
Obijiofor,/Obi-ji-ọfọ/,The Obi holds the Ofor,m,igbo
Obikwelu,/Obi-kwelụ/,The,m,igbo
Obikwere,/Obi-kwere/,The,m,igbo
Obimdike,/Obi-m-dị-ike/,My heart is steadfast,m,igbo
Obineche,/Obi-na-eche/,The,m,igbo
Obinigwe,/O-bi-na-igwe/,One who resides in the sky/heaven,m,igbo
Obinna,/Obi-nna/,The father's mind,m,igbo
Obinwa,/Obi-nwa/,The child's,m,igbo
Obinwanne,/Obi-nwanne/,The heart of a sibling,m,igbo
Obinwogu,/Obi-nwe-ọgụ/,The,m,igbo
Obinze,/Obi-nze/,The,m,igbo
Obioma,/Obi-ọma/,A good heart,f,igbo
Obiora,/Obi-ọra/,The mind/wishes of the people,m,igbo
Obiweluozor,/Obi-welụ-ọzọ/,The,m,igbo
Obu,/Obu/,The first house in a family compound that serves as the center of the family's material and spiritual administration.,m,igbo
Obualor,/Obu-alọ/,The,m,igbo
Obudumma,/Obu-du-mma/,The good,m,igbo
Obuegbe,-,unknown,-,igbo
Obuekezie,/Obu-ekezie/,The,m,igbo
Obuekwe,/Obu-ekwe/,The heart agrees,m,igbo
Obukwelu,/Obu-kwelụ/,The,m,igbo
Obumneme,/Ọ-bụ-m-na-eme/,Am I the instigator or cause?,m,igbo
Obumselu,/Ọ-bụ-m-selụ/,Am I the cause of the strife?,m,igbo
Ochinanwata,/Ọchị-na-nwata/,One who leads from childhood or child king,m,igbo
Ochomma,/Ọchọ-mma/,One who seeks beauty/good,m,igbo
Ochuonu,/Ọchụ-ọnụ/,Slander,m,igbo
Odah,-,unknown,-,igbo
Odenigbo,/O-de-na-Igbo/,One or a thing whose fame resounds all over the Igbo nation.,m,igbo
Odera,/O-dera/,Once (he/she) has written,m,igbo
Odezulu,/O-de-zulu/,One whose fame spread about,m,igbo
Odiara,-,unknown,-,igbo
Odiegwu,/Ọ-dị-egwu/,Something amazing.,m,igbo
Odigwe,/Ọdị-igwe/,One or a thing who is a multitude,m,igbo
Odikpo,/Ọ-dị-ikpo/,unknown,m,igbo
Odimegwu,/Ọdi-m-egwu/,It amazes me.,m,igbo
Odinaka,/Ọ-dị-na-aka/,It is in (the) hand,f,igbo
Odinakachukwu,/Ọ-dị-na-aka-chukwu/,It is in God's hands,f,igbo
Odinammadu,/Ọ-dị-na-mmadụ/,A thing that is in human/man.,m,igbo
Odinigwe,/Ọ-di-na-Ịgwe/,One or a thing that's in multitude,m,igbo
Odionyenfe,/Ọdị-onye-nfe/,Who has got it all easy,m,igbo
Odira,/O-dịra/,unknown,m/f,igbo
Odoemena,/Ọdọ-emena/,Another (of event or situation) should not repeat itself or befall us a second time,m,igbo
Oduagu,/Ọdụ-agụ/,Leopard's tail,m,igbo
Oduenyi,/Ọdụ-enyi/,The elephants tail,m,igbo
Odum,/Ọdụm/,Lion,m,igbo
Odumegwu,/Ọ-dụ-m-egwu/,unknown,m,igbo
Odunze,/Ọdụ-Nze/,The place of,m,igbo
Ofiadiulu,/Ọfịa-dị-ulu/,The forest that has become profitable,m,igbo
Ofiaeli,-,unknown,-,igbo
Ofili,-,unknown,-,igbo
Ofodile,/Ọfọ-dị-ịle/,Potent,m,igbo
Ofodum,/Ọfọ-dum/,﻿May, ,igbo
Ofoedu,/Ọfọ-edu/,leads (you),m,igbo
Ofoegbu,/Ọfọ-egbu/,May the,m,igbo
Ofoekezie,/Ọfọ-ekezie/,an Ofo has apportioned fairly,m,igbo
Ofonagoro,/Ọfọ-na-agọrọ/,defends me or absolves me of wrongdoing in a case.,m,igbo
Ofor,/Ọ̀fọ́/,A sacred article made from the branch of the Ofor tree,m,igbo
Oforbuike,/Ọ̀fọ́-bụ̀-ìkè/,is (a source of) strength,m,igbo
Oforchebe,/Ọfọ-chebe/,May,m,igbo
Oforjebe,/Ọfọ-jebe/,May,m,igbo
Oforkansi,/Ọfọ-ka-nsị/,is potent against,m,igbo
Oforle,/Ọfọ-lee/,May,m,igbo
Oforma,/Ọfọ-ma/,unknown,knows,igbo
Ogadi,/Ọ-ga-adị/,It will be,m,igbo
Ogadimma,/Ọ-ga-adị-mma/,It will be well,m,igbo
Ogamba,/Ọ-ga-mba/,Traveler,m,igbo
Ogban,-,unknown,-,igbo
Ogbatulenyi,/Ọgbatulu-enyi/,One who fell the elephant.,m,igbo
Ogbo,/Ogboo/,unknown,m,igbo
Ogbonna,/Ogbo-Nna/,Father's confidant,m,igbo
Ogbonnaya,/Ogbo-Nna-ya/,His father's confidant.,m,igbo
Ogbuagu,/Ogbu-agụ/,One who kills leopards,m,igbo
Ogbuawa,-,unknown,-,igbo
Ogbueshi,/Ogbu-eshi/,Slaughterer of cattle,m,igbo
Ogbuke,-,unknown,-,igbo
Oge,/Oge/,Time,m/f,igbo
Ogechi,/Ógè-chí/,God's time,f,igbo
Ogechukwu,/Ógè-chúkwú/,﻿,m/f,igbo
Ogemdi,/Oge-m-dị/,unknown,m/f,igbo
Ogemdinakachukwu,/Oge-m-dị-na-aka-chukwu/,unknown,My time is in God's hands. ,igbo
Ogenna,/Ogenna/,The father's time.,m/f,igbo
Ogidika,/Ogidi-ka/,Ogidi,m,igbo
Ogo,/Ọgọ/,Favour,m/f,igbo
Ogochukwu,/Ọgọ-chukwu/,The favour of God,m/f,igbo
Ogoegbunam,/Ọgọ-egbuna-m/,May the favour done for others not destroy me,f,igbo
Ogoegbunem,/Ọgọ-egbune-m/,May the favour done for others not destroy me.,f,igbo
Ogomegbunam,/Ọgọ-m-egbuna-m/,May the favour I do for others not destroy me.,f,igbo
Ogonna,/Ọgọ-Nna/,A favour done by the father,f,igbo
Ogu,/Ọgụ/,"Fight, War or Battle",m,igbo
Oguchi,/Ọgụ-chi/,God's battle,m,igbo
Ogudo,/Ọgụ-udo/,fight,m,igbo
Oguebue,/Ọgụ-ebue/,The fight is over,m,igbo
Oguejiofor,/Ọgụ-eji-ọfọ/,The battle entered with clear conscience,m,igbo
Ogugua,/Ọgụgụa/,One who consoles,m,igbo
Oguguo,/Ọgụgụọ/,He/She has consoled.,m,igbo
Ogunor,/Ọgụ-ụnọ/,The war (from) within one's home.,m,igbo
Oguzor,/Ọgụ-ụzọ/,The war (from) outside one's home.,m,igbo
Ogwugwu,/Ogwugwu/,A deity,m,igbo
Ogwuma,/Ogwu-ma/,unknown,m,igbo
Ohaeri,-,unknown,-,igbo
Ohaeto,/Ọha-etoo/,The people have lifted me/made me bigger.,m,igbo
Ohaka,/Ọha-ka/,The people are supreme.,m,igbo
Ohakaeze,/Ọha-ka-eze/,The people are greater than the king.,m,igbo
Ohakem,-,unknown,-,igbo
Ohiaeri,/Ọhịa-eri/,unknown,m,igbo
Ojekwe,-,unknown,-,igbo
Ojiakor,/Ọjị-akọ/,The Iroko shall not become scarce,m,igbo
Ojianya,-,unknown,-,igbo
Ojiba,/Ọjị-ba/,Let the Iroko tree abound,m,igbo
Ojibe,/Oji-ibe/,One who has the benefits of his kit/peers,m,igbo
Ojiegbu,-,unknown,-,igbo
Ojike,/Oji-ike/,One who wields great strength/power;,m,igbo
Ojinnaka,/O-ji-nna-ka/,One who surpasses by his father,m,igbo
Ojukwu,-,unknown,-,igbo
Okadigbo,/Ọka-di-gboo/,unknown,m,igbo
Okafor,/Okafọ/,A man born on,m,igbo
Okagbue,/Ọkagbue/,He/She has nullified (a situation),m,igbo
Okaka,/Ọkaaka/,One greater than the greatest,m,igbo
Okechukwu,/Okike-chukwu/,God's portion or creation.,m,igbo
Okeke,/Okeke/,A man born on,m,igbo
Okelue,/O-kelue/,(he/she) has apportioned perfectly or to one's fulfillment,m/f,igbo
Okemmuo,/Óké-mmụọ́/,1. The great spirit,m,igbo
Okenkwu,/Óké-ńkwụ́/,The great palm tree,m,igbo
Okenna,/Oke-nna/,Father's portion or creation.,m,igbo
Okenyeka,/Oke-enye-ka/,unknown,m,igbo
Okeoma,/Oke-ọma/,A good creation.,m,igbo
Okere,/Okere/,Man,m,igbo
Okereke,/Okere-eke/,A man born on an,m,igbo
Okezie,/Okezie/,One has made a fair apportionment.,m,igbo
Okiche,/Oke-iche/,A great missile,m,igbo
Okigbo,/Ọka-igbo/,One greater than all Igbo,m,igbo
Okike,/Okike/,The creative process,m,igbo
Okiwe,/Oke-iwe/,Great Anger,m,igbo
Okocha,/Oko-ọcha/,unknown,Fair complexioned male child.,igbo
Okodugbo,/Ọ-ka-ọdụ-gboo/,As it has been since time.,m,igbo
Okoli,/Okoli/,A child born on,m,igbo
Okoligwe,/Okolo-igwe/,A man in the heavens,m,igbo
Okolinta,/Okoli-nta/,Younger,m,igbo
Okolo,/Okolo/,A man,m,igbo
Okolobu,/Okolo-Obu/,The man of the household,m,igbo
Okolue,-,unknown,-,igbo
Okongwu,/Oko-Ngwu/,unknown,m,igbo
Okonjo,-,unknown,-,igbo
Okonkwo,/Oko-Nkwọ/,﻿ A man born on,m ,igbo
Okoro,/Okoro/,A man or a male child,m,igbo
Okoroabia,/Okoro-abịa/,A man has come.,m,igbo
Okoroafor,/Okoro-afọ/,A man born on the,m,igbo
Okorocha,/Okoro-ọcha/,Fair complexioned male child.,m,igbo
Okorogu,/Okoro-ọgụ/,A man of war.,m,igbo
Okoronkwo,/Okoro-Nkwọ/,A man born on the,m,igbo
Okosa,/Oke-Osa/,God's portion or creation.,m,igbo
Okose,/Oke-Ose/,God's portion or creation.,m,igbo
Okoye,/Okoro-Oye/,A man born on,m,igbo
Okpachie,-,unknown,-,igbo
Okpala,/Ọkpala/,The first male child of the family or oldest member of the family,m,igbo
Okpaleke,/Okpala-Eke/,The first son of creation,m,igbo
Okpara,/Ọkpara/,The first male child of the family,m,igbo
Okparaku,/Ọkpara-Akụ/,First Child of wealth.,m,igbo
Okparanozie,/Ọkpara-Anọzịe/,The first male child has found his footing or has found stability or taken a vantage position.,m,igbo
Okuani,/Ọkụ-anị/,deity's treasure,m,igbo
Okudo,/Ọkụ-udo/,deity's treasure,m,igbo
Okuefuna,/Okuefuna/,May the treasure not be lost,m/f,igbo
Okukwe,/Okwukwe/,unknown,Faith,igbo
Okwara,/Ọkwara/,The first male child,m,igbo
Okwesirieze,/O-kwesịrị-eze/,1. Something befitting of a king,m,igbo
Okwuchi,/Okwu-Chi/,1. The word/decree of,f,igbo
Okwuchukwu,/Okwu-Chukwu/,1. The word/decree of,m,igbo
Okwudile,/Okwu-dị-ịle/,A word that is potent; A word that came true.,m,igbo
Okwudili,/Okwu-dịlị/,unknown,m/f,igbo
Okwudinjo,/Ókwú-dị̀-njọ́/,Strife is bad,m,igbo
Okwudiri,/Okwu-dịrị/,unknown,m/f,igbo
Okwudirichukwu,/Okwu-dịrị-chukwu/,unknown,Let God be the Judge,igbo
Okwuego,-,unknown,-,igbo
Okwuka,/Okwu-ka/,unknown,To many matter/strife. ,igbo
Okwuma,-,unknown,-,igbo
Okwundu,/Okwu-ndụ/,1. Word of life; life giving word,m,igbo
Okwunna,/Ókwú-nnà/,1. Word of the father.,m,igbo
Okwunwa,/Okwu-nwa/,The case for a child,m/f,igbo
Okwuosa,/Okwu-osa/,1. The word of,m,igbo
Okwute,/Okwute/,Rock,m,igbo
Olachi,/Ọla-chi/,God's gem,f,igbo
Olaedo,/Ọ́là-èdò/,Precious stone for decoration.,f,igbo
Olamma,/Ọ́là-mmá/,A gem of beauty,f,igbo
Olaocha,/Ọ́là-ọ́chà/,Silver,f,igbo
Oli,-,unknown,-,igbo
Olisa,/Olisa/,unknown,m,igbo
Olisadebe,/Olisa-debe/,May,m,igbo
Olisaemeka,/Olisa-emeka/,did so well,m,igbo
Olisah,/Olisa/,unknown,-,igbo
Olisakwe,/Olisa-kwe/,May,m,igbo
Olisama,/Olisa-ma/,knows.,m,igbo
Olise,/Olise/,The Lord who bears the weight of the world.,m,igbo
Oliseh,/Olise/,The Lord who bears the weight of the world.,m,igbo
Oluchukwu,/Ọlu-Chukwu/,The works of God,f,igbo
Oluomachukwu,/Ọlu-ọma-Chukwu/,The good works of God,f,igbo
Omaliko,/Ọmaliko/,A deity of the Abatete people,m,igbo
Omasilachi,/Ọ-masịla-chi/,It has pleased God,m/f,igbo
Omeliora,/O-meli-ọra/,The benefactor of the people,m,igbo
Omelonye,/Omelụ-onye/,Who did she/he wrong?,m,igbo
Omenankiti,/O-me-na-nkịtị/,unknown,m,igbo
Omenka,/Òmé-nkà/,A creative genius; a crafts-person,m,igbo
Omenni,-,unknown,-,igbo
Omenugha,/Ome-na-ụgha/,(They) act in vain,m,igbo
Omeokachie,/Ome-ọkachie/,One who does and seals it,m,igbo
Omile,/Ome-ịle/,One who brings things to reality,m,igbo
Onah,-,unknown,-,igbo
Onejeme,/One-jee-eme/,How many more would happen?,m/f,igbo
Onele,-,unknown,-,igbo
Onenyi,/Ọnọ-enyi/,unknown,-,igbo
Oniah,-,unknown,-,igbo
Onike,-,unknown,-,igbo
Onochie,/Ọnọchi-e/,One who sits or stands in stead of another.,m,igbo
Onodugo,/Ọnọdụ-ugo/,A position of honor/excellence,f,igbo
Ononenyi,/Ọnọ-na-enyi/,1. One who sits on the elephant,m,igbo
Ononihu,/Ọnọ-na-ihu/,One who leads; leader,m,igbo
Ononuju,/Ọ-nọ-na-uju/,One who sits in the midst of abundance,m/f,igbo
Ononye,/Ọ-nọnye/,unknown,m/f,igbo
Onovo,-,unknown,-,igbo
Onuabuchi,/Ọnụ-abughị-chi/,The mouth is no one's,m,igbo
Onuachu,/Ọnụ-achụ/,"One who would not, because of slanderous words, flee or yield his/her place.",m,igbo
Onubiyi,-,unknown,-,igbo
Onubuogu,/Ọnụ-bụ-ọgụ/,A mouth triggers war,m,igbo
Onuchukwu,/Ọnụ-chukwu/,God's mouth,m,igbo
Onuegbu,/Ọnụ-egbu/,One who can't be killed or who refuses to be cowered by slander,m,igbo
Onuekwusi,-,unknown,-,igbo
Onuigbo,/Ọnụ-igbo/,The mouth of the Igbo nation,m,igbo
Onumajulu,/Ọnụma-jụlụ/,A wrath has been pacified,m,igbo
Onumba,/Ọnụ-mba/,The mouth of the nation,m,igbo
Onunze,/Ọnụ-Nze/,The mouth of an,m,igbo
Onuorah,/Ọnụ-ọra/,The mouth of the people,m,igbo
Onuzulike,/Ọnụ-zulu-ike/,May (slanderous) voices rest,m,igbo
Onwe,/Onwe/,Self,m,igbo
Onwu,/Ọnwụ/,Death.,m,igbo
Onwualor,/Ọnwụ-alọ/,Death has returned,m,igbo
Onwuaraghi,/Ọnwụ-araghị/,Death holds on tenaciously,m,igbo
Onwuasoanya,/Ọnwụ-asọ-anya/,Death is irreveren,m,igbo
Onwuasor,/Ọnwụ-asọ/,unknown,m,igbo
Onwuatuelo,/Ọnwụ-atụ-elo/,Death does not inform/reason with its victim (before it strikes),m,igbo
Onwuazor,/Ọnwụ-azọ/,Death saved,m,igbo
Onwubiko,/Ọnwụ-biko/,"Death, please.",m,igbo
Onwudebe,/Ọnwụ-debe/,May death keep/preserve (me),m,igbo
Onwudinjor,/Ọnwụ-dị-njọ/,Death is terrible,m,igbo
Onwudiwe,/Ọnwụ-di-iwe/,Death provokes anger,m,igbo
Onwuegbulam,/Ọnwụ-egbula-m/,May death not kill me.,m,igbo
Onwuegbune,/Ọnwụ-egbune/,May death not strike,m,igbo
Onwuegbusi,/Ọnwụ-egbusi/,Death has annihilated,m,igbo
Onwuegbuzia,/Ọnwụ-egbu-zia/,And Death strikes again,m,igbo
Onwuemelie,/Ọnwụ-emeli-e/,Death has won,m,igbo
Onwuezurike,/Ọnwụ-ezuru-ike/,Death has taken a rest,m,igbo
Onwughalu,-,unknown,-,igbo
Onwujiaku,/Ọnwụ-ji-akụ/,Death holds wealth,m,igbo
Onwujioke,/Ọnwụ-ji-oke/,It is death who holds creation,m,igbo
Onwukaeme,/Ọnwụ-ka-eme/,Death does the most,m,igbo
Onwukwalu,/Ọnwụ-kwalụ/,May death vacate,m,igbo
Onwukwe,/Ọnwụ-kwe/,May death permit (someone to live),m,igbo
Onwuli,-,unknown,-,igbo
Onwuliora,/Ọnwụ-liri-ọra/,Death (that) ravaged a people,m,igbo
Onwumbiko,/Ọnwụ-m-biko/,"My Death, please.",m,igbo
Onwumelu,/Ọnwụ-melụ/,Death wrought,m,igbo
Onwura,/Ọnwụ-raa/,May death leave us.,m,igbo
Onwuria,/Oṅụrịa/,unknown,He/She rejoices,igbo
Onwuseraka,/Ọnwụ-sere-aka/,unknown,May death hands off,igbo
Onwusoba,/Ọnwụ-sọba/,May death continue to find us unappealing,m,igbo
Onwuteaka,/Ọnwụ-tee-aka/,May death stay far away,m,igbo
Onwuzalume,/Ọnwụ-zalụ-Ume/,The death that heed the noble man,m,igbo
Onwuzulume,/Onwu-zulu-me/,unknown,-,igbo
Onwuzurike,/Ọnwụ-zuru-ike/,Let death take a rest,m,igbo
Onwuzurume,/Ọnwụ-zuru-ka-emee/,Death is formidable or capable,m,igbo
Onyeachonam,/Onye-achọna-m/,None should incite or agitate me,m,igbo
Onyeagba,-,unknown,-,igbo
Onyeaka,/Onye-aka/,My helper,m,igbo
Onyeama,-,unknown,-,igbo
Onyeanwuna,/Onye-anwụna/,No one should die,m,igbo
Onyebeke,/Onye-bụ-Eke/,unknown,m,igbo
Onyebuchi,/Onye-bụ-Chi/,Who is god (unto another)?,m,igbo
Onyebueke,/Onye-bụ-eke/,Who (which man) is,m,igbo
Onyechi,/Onye-Chi/,God's own,m,igbo
Onyedika,/Onye-dị-ka/,unknown,-,igbo
Onyedikachi,/Onye-dị-ka-Chi/,Who is comparable to God?,m/f,igbo
Onyeisi,/Onye-isi/,The Head,m,igbo
Onyejekwe,/Onye-jee-ekwe/,Who would approve/accept (it)?,m,igbo
Onyejekwu,/Onye-jekwu/,Who will speak,m,igbo
Onyejeli,/Onye-je-eli/,Who would eat?,m/f,igbo
Onyejiaka,/Onye-eji-aka/,One by which we surpass,m,igbo
Onyejiako,/Onye-ji-akọ/,Who wields wisdom?,m,igbo
Onyejiaku,/Onye-ji-akụ/,Who holds wealth?,m,igbo
Onyekachi,/Onye-ka-Chi/,Who is greater than God?,m/f,igbo
Onyekaonwu,/Onye-ka-ọnwụ/,Who is mightier than Death?,m,igbo
Onyekuru,/Onye-kuru/,Who sowed,m,igbo
Onyekwelu,/Onye-kwelu/,Who is worthy?,m,igbo
Onyema,/Onye-ma/,Who knows?,m,igbo
Onyemaechi,/Onye-ma-echi/,Who knows what tomorrow will bring?,m,igbo
Onyemelukwe,-,unknown,-,igbo
Onyenaucheya,/Onye-na-uche-ya/,Each to his thought/mind,m/f,igbo
Onyenyilionwu,/Onye-nyịlị-ọnwụ/,Who has overcome death or Who is incapable of dying?,m,igbo
Onyeogu,/Onye-ọgụ/,A fighter/warrior,m,igbo
Onyeso,/Onye-so/,Who is accompanying me?,m,igbo
Onyeuko,/Onye-uko/,One who is proud,m,igbo
Onyeukwu,/Onye-Ukwu/,The great one,m,igbo
Onyewuchi,/Onye-wu-Chi/,Who is god (unto another)?,m,igbo
Onyinye,/Onyinye/,Gift,f,igbo
Onyinyechi,/Onyinye-chi/,unknown,Gift from God,igbo
Onyiorah,/Ọnyị-ọra/,Something or one who has proved insurmountable for the people,f,igbo
Onyirimba,/Onyịrị-mba/,Something or one who has proved insurmountable for the nation,m,igbo
Onyiuke,/Ọ-nyịa-uke/,It has wearied/proved insurmountable for,m,igbo
Opara,/Ọpara/,The first male child of the family,m,igbo
Oparanozie,/Ọpara-Anọzịe/,The first male child has found his footing or has found stability or taken a vantage position.,m,igbo
Oparanta,/Ọpara-nta/,Small,m,igbo
Oputa,-,unknown,-,igbo
Orabuenyi,/Ọra-bụ-enyi/,The people are the elephant,m,igbo
Orabueze,/Ọra-bụ-eze/,The people are king,m,igbo
Orachili,/Ọra-chịlị/,The people ruled/led,m,igbo
Oraekwu,/Ọra-ekwu/,unknown,-,igbo
Orajekwe,/Ọra-ja-ekwe/,The people shall approve/accept it.,m,igbo
Orajiaka,/Ọra-ji-aka/,:,m,igbo
Oraka,/Ọra-ka/,The people are superior,m,igbo
Orakaeze,/Ọ̀rà-kà-ézè/,The people are greater than the king.,m,igbo
Orakeze,/Ora-ka-eze/,unknown,-,igbo
Oramalu,/Ọra-malụ/,May the people know,m,igbo
Oranekwu,/Ọra-na-ekwu/,The people speak,m,igbo
Oranika,-,unknown,-,igbo
Oranu,/Ọranụ/,unknown,That the people may hear.,igbo
Oranusi,-,unknown,-,igbo
Oranye,/Ọ̀rà-nyè/,unknown, ,igbo
Oranyelu,/Ọra-nyelụ/,Gift from the people,m,igbo
Orie,/Orie/,unknown,One of the four market days of the Igbo week,igbo
Orizu,-,unknown,-,igbo
Orji,/Ọ́jị̀/,Iroko,m,igbo
Orjiakor,/Ọjị-akọ/,The Iroko shall not become scarce,m,igbo
Oruchili,-,unknown,-,igbo
Osadebe,/Osa-debe/,keep or preserve (me),m,igbo
Osaka,/Òsà-ká/,is greater (than all).,m,igbo
Osakwe,/Osa-kwe/,unknown,m,igbo
Ose,/Ose/,unknown,-,igbo
Osegbo,/Ose-egboo/,has settled a dispute,m,igbo
Oseloka,/Ose-eloka/,counseled or reasoned well,m,igbo
Osemeka,/Ose-emeka/,has done so much.,m,igbo
Osigwe,/Osi-igwe/,,m,igbo
Osinachi,/O-si-na-chi/,It came from God,f,igbo
Osinyi,-,unknown,-,igbo
Osita,/Osi-ta/,If it begins today.,m,igbo
Ositadimma,/Osi-ta-dị-mma/,unknown,m,igbo
Osonwa,/Ọsọ-nwa/,The race for a child.,m/f,igbo
Osuala,/Osu-Ala/,One set aside for,m,igbo
Osuizugbe,-,unknown,-,igbo
Osuji,-,unknown,-,igbo
Osuofia,/Ọsụ-ọfịa/,One who clears the bush,m,igbo
Osuzoka,-,unknown,-,igbo
Ote,-,unknown,-,igbo
Oti,-,unknown,-,igbo
Otiono,-,unknown,-,igbo
Otosirieze,/Ò-tòsịrị̀-ézè/,1. Something befitting of a king,m,igbo
Otuonye,/Ótù--ónyè/,One person.,m,igbo
Ovie,-,unknown,-,igbo
Oye,/Oye/,unknown,One of the four Igbo Market days.,igbo
Oyeocha,-,unknown,-,igbo
Oyinna,/Oyiri-Nna/,One who resembles the father,m/f,igbo
Ozigbo,/O-zuru-igbo/,unknown,-,igbo
Ozioma,/Ozi-ọma/,Good news,f,igbo
Ozo,/Ọzọ/,A prestigious title acquired by the Igbos,m,igbo
Ozoekwe,/Ọzọ-ekwe/,title or prestige befits them,m,igbo
Ozoemena,/Ọzọ-emena/,Another (of event or situation) should not repeat itself or befall us a second time.,m,igbo
Ozoh,/Ọzọ/,A prestigious title acquired by the Igbos.,m,igbo
Ozohili,-,unknown,-,igbo
Ozojiofor,/Ọzọ-ji-ọfọ/,The,m,igbo
Ozor,/Ọzọ/,Someone who has acquired this title.,A prestigious title acquired by the Igbos,igbo
Ozua,/Ọzụa/,unknown,It echoes.,igbo
Ozulubeonye,/O-zulu-be-onye/,In whose home is everything sufficient?,m,igbo
Ozumba,/Ozuru-Mba/,One/thing that resounds across nations.,m,igbo
Ozuruigbo,/O-zuru-igbo/,unknown,A thing that spread across the Igbo nation,igbo
Ozurumba,/O-zuru-mba/,unknown,A thing that spread across Igbo country.,igbo
Ralu,/Ralụ/,Hands off.,m,igbo
Raluchineke,/Ralụ-chineke/,Leave it for God,m,igbo
Raluchukwu,/Ralụ-chukwu/,Hands off for God,m,igbo
Ralueke,/Ralu-eke/,Leave it for,m,igbo
Rapu,/Rapụ/,unknown,Leave,igbo
Rapulu,/Rapụlụ/,unknown,-,igbo
Rapuluchukwu,/Rapụ-lụ-chukwu/,unknown,Leave it for God,igbo
Sochukwuma,/Sọ-chukwu-ma/,Only God knows.,m,igbo
Somadina,/Sọ-m-adị-na/,May I not exist in isolation.,m,igbo
Somkele,/So-m-kele/,unknown,m/f,igbo
Somto,/Som-to/,Join me in praising,m/f,igbo
Somtochukwu,/Som-to-chukwu/,Praise God with me,m/f,igbo
Songoli,/Sọ̀-ngòlí/,Only enjoyment,f,igbo
Sopuluchukwu,/Sọpụlụ-Chukwu/,Respect God,m/f,igbo
Tagbo,/Taa-bu-gboo/,Today is early.,m,igbo
Tobenna,/Tobe-nna/,Keep praising the father,m,igbo
Tochi,/Too-chi/,Praise God,f,igbo
Tochukwu,/To-chukwu/,Praise God.,m/f,igbo
Turugo,/Turu-ugo/,Excel or gain honor,m/f,igbo
Uba,/Ụba/,"Increase, abundance or prosperity",f,igbo
Ubadi,/Uba-dị/,There is abundance,m,igbo
Ubadike,/Ụba-Dike/,The prosperity/abundance of warriors,m,igbo
Ubaezuonu,/Ụba-ezu-ọnụ/,Prosperity never satisfies,m,igbo
Ubah,/Ụba/,unknown,-,igbo
Ubaka,/Ụba-ka/,Increase/abundance (in population or material prosperity) is more important.,m,igbo
Ubani,-,unknown,-,igbo
Uche,/Uche/,Will/Thoughts,m/f,igbo
Ucheakor,/Uche-akọ/,May I not run short of good sense.,m,igbo
Uchechukwu,/Uche-Chukwu/,The will/ thoughts of God,m,igbo
Uchegbu,/Uche-egbu/,One who would not die from the thoughts/ill will (of his enemies).,m,igbo
Uchegbunam,/Uche-egbuna-m/,May the thoughts/ill will (of my enemies) not succeed.,m,igbo
Ucheime,-,unknown,-,igbo
Uchemba,/Uche-mba/,The will/thoughts of a nation,m,igbo
Uchenabo,-,unknown,-,igbo
Uchendu,/Uche-Ndụ/,The will/thoughts of life.,m/f,igbo
Uchenna,/Uche-Nna/,The will/thoughts of the Father,m,igbo
Udeagbala,/Ude-agbala/,The fame of the,m,igbo
Udeaghanam,/Ude-agha-na-m/,May fame not abandon me,m,igbo
Udealor,-,unknown,-,igbo
Udegbunam,/Ude-egbuna-m/,May fame not destroy me,m,igbo
Udeh,/Ude/,Fame,m,igbo
Udekwe,/Ude-ekwe/,Fame agrees or fame has agreed (with me).,m,igbo
Udemezue,/Ùdé-mèzué/,May my fame be accomplished.,m,igbo
Udenna,/Udenna/,The fame of the father.,m,igbo
Udeofor,/Ude-ọfọ/,The fame of the,m,igbo
Udeogu,/Ude-ọgụ/,The fame of a battle.,m,igbo
Udeozo,/Ude-Ọzọ/,Fame of the,m,igbo
Udezue,/Ùdé-ézùé/,Fame is accomplished,m,igbo
Udo,/Udo/,Peace,m,igbo
Udochukwu,/Udo-chukwu/,God's peace,m/f,igbo
Udodi,/Udo-di/,unknown,Udo exists,igbo
Udoh,/Udo/,unknown,-,igbo
Udoka,/Udo-ka/,Peace is above all else.,m/f,igbo
Udokaogu,/Udo-ka-ọgụ/,Peace is greater than war,m,igbo
Udokwelu,/Udo-kwelụ/,The,m,igbo
Udokwu,-,unknown,-,igbo
Udorji,-,unknown,-,igbo
Udum,-,unknown,-,igbo
Ufoegbulam,-,unknown,-,igbo
Ufomba,/Ufo-mba/,Thoughts/Wishes of the nation/community,m,igbo
Ufondu,/Ufo-ndu/,Wishes of life,m/f,igbo
Ugboma,/Ụgbọ-Ọma/,A good boat.,m/f,igbo
Ughaerumba,/Ugha-erughi-mba/,Deceit which does not reach a nation,m,igbo
Ughaogalanya,/Ụgha-ọgalanya/,The deception of the wealthy,m,igbo
Ugo,/Ugo/,Eagle,m/f,igbo
Ugoala,/Ugo-ala/,Honour bequeated by,m,igbo
Ugoama,/Ugo-ama/,The honour/excellence of the family compound.,m,igbo
Ugoanyanwu,/Ugo-Anyanwụ/,The honour/excellence bestowed by,m,igbo
Ugobude,/Ugo-bụ-Ude/,Honour/excellence brings fame,m/f,igbo
Ugochi,/Ugo-Chi/,God's honour.,f,igbo
Ugochukwu,/Ugo-Chukwu/,God's honour,m,igbo
Ugoeze,/Ugo-eze/,The honour of the king,m/f,igbo
Ugokwe,/Ugo-kwe/,unknown,May honor befit ,igbo
Ugomma,/Ugo-mma/,The honour of beauty,f,igbo
Ugonabo,/Ugo-na-abọ/,Double honor.,m,igbo
Ugonna,/Ugo-Nna/,The father's honour,m,igbo
Ugorji,/Ugo-Ọjị/,: An honour given to a great man, The eagle that perched on the Iroko.,igbo
Ugosinachi,/Ugo-si-na-chi/,Honour/mark of excellence comes from God,m/f,igbo
Ugwu,/Ùgwù/,Respect; Reverence or Dignity,m,igbo
Ugwudike,/Ùgwù-dike/,The respect accorded a warrior.,m,igbo
Ugwumsinachi,/Ùgwù-m-si-na-chi/,My respect/dignity comes from God.,m/f,igbo
Ugwunna,/Ugwu-nna/,The dignity/respect of the father.,m,igbo
Ujam,-,unknown,-,igbo
Uju,/Uju/,Abundance,f,igbo
Ujubuonu,/Ùjú-bụ̀-ọ́ṅụ̀/,Abundance brings joy,f,igbo
Ujumadu,/Uju-Mmadụ/,Abundance of people.,m,igbo
Ukamaka,/Ụka-amaka/,Conversation is beautiful,f,igbo
Ukanle,-,unknown,-,igbo
Ukeachu,/Uke-achAgbala,/Ágbàlà/,1. *An entity associated with,m,igbo
Afunugo,/Àfụ́nụ̀gó/,Has anyone ever seen such thing,m/f,igbo
Afunwa,/Áfụ́-Nwá/,Afu-nwa-echeta-nna,m,igbo
Afor,/Àfọ̀/,unknown,One of the four days of the Igbo week,igbo
Afuluchi,/À-fụ̀lụ̀-chí/,Who has seen god?!,m/f,igbo
Afamefuna,/Áfà-m-éfùnà/,May my name never be lost.,m,igbo
Afudoh,-,unknown,-,igbo
Afoemezie,/Àfọ̀-èmézié/,has remedied (a situation),m,igbo
Afanna,/Áfà-nnà/,The father's name,m,igbo
Afa,/Áfá/,Divination,m,igbo
Adunkachi,/Adụ-nkachi/,One who can't be dismissed or ignored,f,igbo
Adunchezor,/Adụ-nchezọ/,Unforgettable.,m,igbo
Adokwe,-,unknown,-,igbo
Adirika,/Á-dị́rị́-ká/,[We] shall live a long fruitful life.,m,igbo
Adogwa,/A-dị-ọgwa/,To be in varieties,f,igbo
Gozie,/Gọzie/,Bless,m/f,igbo
Ginikachukwu,/Gịnị-ka-chukwu/,What is greater than God,f,igbo
Ginika,/Gịnị-ka/,What is greater?,f,igbo
Adinuba,/Ádị̀-nà-ụ̀bá/,We shall be in abundance.,m,igbo
Adindu,/Á-dị́-ndụ̀/,We shall live.,m,igbo
Adinnuh,-,unknown,-,igbo
Adike,/Á-dị-íké/,We shall be powerful.,m,igbo
Adimora,/Á-dị̀-m-ọ̀rà/,I am pleasing to the people,m,igbo
Adinlofu,/Ádịghị́-nlófù/,Unforgettable,m,igbo
Adigwe,/Á-dị-ìgwè/,We shall have a multitude (of descendants),m,igbo
Adaku,/Àdà-àkụ̀/,Female child who will bring wealth,f,igbo
Adaeze,/Àdà-ézè/,The first daughter of a king,f,igbo
Adiele,-,unknown,-,igbo
Adaugo,/Àdà-ùgò/,A first daughter who brings honor/who is the mark of excellence,f,igbo
Adichie,/Á-dị́-chìé/,We shall live and have descendants succeed us,m,igbo
Adaobi,/Àdà-òbí/,The first female child born of the,f,igbo
Adamma,/Àdà-mmà/,A beautiful daughter,f,igbo
Ada,/Àdà/,The first female child of the family,f,igbo
Achuzia,-,unknown,-,igbo
Achufusi,/Achụ́fùsì/,Do not drive away.,m,igbo
Achinanya,-,unknown,-,igbo
Achugbu,-,unknown,-,igbo
Achigbu,/Achígbú/,Do not misrule,m,igbo
Abumnkechukwu,/Ábụ-m-nké-chúkwú/,I am God's own,m/f,igbo
Achebe,/Achebe/,unknown,m,igbo
Abuchi,/Abụ́ghị́-chí/,Not God,m,igbo
Abah,-,unknown,-,igbo
Abanime,-,unknown,-,igbo
Abana,-,unknown,-,igbo
Dilibe,-,unknown,-,igbo
Dimaka,/Dị-m-aka/,Be my helping hand.,m,igbo
Abanihe,-,unknown,-,igbo
Dilichi,/Dịlị-chi/,Live for God,m/f,igbo
Dike,/Dike/,A warrior. A Man of great strength,m,igbo
Dibor,/Di-ibọ/,A second husband,m,igbo
Dibia,/Dibia/,Diviner or medicine man,m,igbo
Diji,/Di-ji/,A master yam farmer,m,igbo
Daberechi,/Dabere-chi/,Lean on God,f,igbo
Birinachi,/Biri-na-Chi/,unknown,Dwell in God.,igbo
Febechi,/Febe-chi/,Keep worshiping God,m/f,igbo
Beluolisa,/Belụ-Olisa/,Were it not for,m,igbo
Beluchi,/Belụ-chi/,Were it not for God.,m,igbo
Belonwu,/Belu-ọnwụ/,Were it not for death.,m,igbo
Zimuzo,/Zim-ụzọ/,Teach/show me the way,m,igbo
Zinobia,-,unknown,-,igbo
Ziifechi,/Zí-ìfè-chí/,Show the light of God,m/f,igbo
Ziora,/Zi-ọra/,Teach or Show the people.,f,igbo
Zikora,/Ziko-ọra/,Show the people.,f,igbo
